building_id,building_num,n_zones,b,A_lag1,B_lag1,c_lag1,D_lag1_s1,D_lag1_s2,D_lag1_s3,D_lag1_s4,D_lag1_s5,D_lag1_s6,D_lag1_s7,D_lag1_s8,D_lag1_s9,A_lag2,B_lag2,c_lag2,D_lag2_s1,D_lag2_s2,D_lag2_s3,D_lag2_s4,D_lag2_s5,D_lag2_s6,D_lag2_s7,D_lag2_s8,D_lag2_s9,A_lag3,B_lag3,c_lag3,D_lag3_s1,D_lag3_s2,D_lag3_s3,D_lag3_s4,D_lag3_s5,D_lag3_s6,D_lag3_s7,D_lag3_s8,D_lag3_s9,A_lag4,B_lag4,c_lag4,D_lag4_s1,D_lag4_s2,D_lag4_s3,D_lag4_s4,D_lag4_s5,D_lag4_s6,D_lag4_s7,D_lag4_s8,D_lag4_s9,A_lag8,B_lag8,c_lag8,D_lag8_s1,D_lag8_s2,D_lag8_s3,D_lag8_s4,D_lag8_s5,D_lag8_s6,D_lag8_s7,D_lag8_s8,D_lag8_s9,A_lag16,B_lag16,c_lag16,D_lag16_s1,D_lag16_s2,D_lag16_s3,D_lag16_s4,D_lag16_s5,D_lag16_s6,D_lag16_s7,D_lag16_s8,D_lag16_s9,A_lag32,B_lag32,c_lag32,D_lag32_s1,D_lag32_s2,D_lag32_s3,D_lag32_s4,D_lag32_s5,D_lag32_s6,D_lag32_s7,D_lag32_s8,D_lag32_s9
ep_SFH_age_0_climate_0_1241,1241,5,1.2368,0.9196199999999999,0.4805999999999999,0.00428,0.000462,0.0012718,0.0001392,0.00019111999999999997,0.000271878,0.00027586,0.0001274,0.0,0.000618,0.0,0.0,0.0,0.0,0.0006341999999999999,8.89e-05,0.00017727999999999998,0.00016358,0.0,0.0,0.0,0.0018189999999999999,0.0,0.0,0.0,0.00448,0.0004886,0.00010664,0.00013306,0.00014172,0.0,0.000768,0.0,0.0017399999999999998,0.0,0.0,0.0,0.0036860000000000005,0.00020446,6.148e-05,0.00012718,9.72e-05,0.0,0.00034199999999999996,0.000926,0.000157,5.0600000000000003e-05,0.0009639999999999999,0.00022,0.0,0.00022727999999999998,9.816e-05,0.00015062000000000002,0.0,8.2e-05,0.0,0.0,0.0,0.0002058,0.01858,0.00226,0.0037600000000000003,0.00030872,2.324e-05,4.0520000000000005e-05,2.32e-05,2.4420000000000003e-05,0.0001498,0.0,0.0,0.0011474,0.03591799999999999,0.008105999999999999,0.0,0.00017079999999999998,7.3e-05,5.4699999999999995e-05,2.1416000000000003e-05,1.878e-05,0.00017260000000000002,0.0001474,0.001126
ep_SFH_age_0_climate_0_649,649,10,0.6214999999999999,0.9581543,0.29028,0.001102,0.0005329999999999999,0.00039810000000000003,0.0001743522,0.000124122,8.337000000000001e-05,5.5690000000000004e-05,7.72e-05,0.00010300000000000001,0.0,0.0,0.02703,0.0013599999999999999,0.000449,0.0003026,0.00010438000000000001,6.843200000000001e-05,2.1673e-05,2.659e-05,0.000992,0.00030500000000000004,0.0,0.0,0.0,0.000174,0.000505,0.0006119999999999999,4.1603e-05,1.5314999999999998e-05,4.809999999999999e-07,4.59557e-06,0.0,0.000411,0.0,0.0,0.0,0.0,0.000556,0.0004954,0.00021472,0.00015597567999999998,0.0,1.603e-05,9.94e-05,0.000255,0.000779,4.04e-05,0.0,0.0,0.0,2.7160499999999995e-05,7.8708e-05,8.3014e-05,0.0,1.4218e-05,0.0,3.5e-05,0.0,7.768e-05,0.0014084,0.0,0.0026453,8.405e-05,3.9111e-05,9.593000000000001e-06,5.38e-06,1.7417999999999998e-05,0.000183,0.0,0.0,0.0009174,0.012277,0.0070469999999999994,0.0,0.0001268,4.0025e-05,2.2034000000000003e-05,7.643e-06,1.9396999999999997e-05,0.0,0.0,0.00027
ep_SFH_age_0_climate_0_821,821,15,0.6708000000000001,0.9541927333333333,0.3137866666666666,0.0024786666666666663,0.0,0.0006071466666666667,0.00019266,0.00022877440000000003,0.00022362066666666667,0.00020243333333333334,0.00012333333333333334,3.2800000000000004e-06,0.0003762,2.9266666666666665e-05,0.08925999999999999,0.00020266666666666667,0.0,0.00035468000000000007,8.520066666666667e-05,9.859333333333333e-05,7.453133333333333e-05,0.0,0.0,0.000216,0.0018006666666666666,0.0,0.0,0.0005006666666666667,0.0,0.00024203999999999998,8.070666666666665e-05,8.015333333333334e-05,5.334666666666667e-05,0.0,0.0,2.1199999999999997e-05,0.0005949333333333334,0.0,0.0,0.0009782,7.873333333333333e-05,0.00025528666666666666,0.00014764666666666667,0.00013114,7.9618e-05,1.493333333333333e-08,0.0,0.0,0.000254,0.0,1.0933333333333334e-05,0.0,0.0,0.00010326666666666665,4.75298e-05,3.761733333333333e-05,0.0,1.4732e-05,0.0,0.0,6.34e-05,3.313333333333334e-05,0.008360000000000001,0.0,0.00022733333333333332,0.00010696866666666665,5.443333333333333e-05,1.7864666666666665e-05,5.2686666666666675e-06,2.6170000000000002e-05,0.0,0.0,0.0,0.0015099333333333334,0.011965333333333331,0.005433733333333333,0.0,4.7753333333333336e-05,4.049266666666667e-05,2.7065333333333333e-05,1.0424666666666667e-05,6.200866666666668e-06,0.0,0.0,0.00011066666666666667
ep_SFH_age_0_climate_1_259,259,10,0.9089999999999998,0.9419680999999999,0.34506000000000003,0.00864291,0.000679,0.0009397699999999998,0.00029910500000000003,0.00026533800000000005,0.00021132999999999997,0.00018966000000000002,0.0,0.000479,0.003741,0.0,0.021920000000000002,0.0,0.0,0.00058496,0.00016156,0.000146405,0.00010489000000000002,0.0,0.0,0.0,0.002425,0.0,0.0,0.0,2.0799999999999997e-05,0.00036501000000000003,0.00012085400000000002,8.817e-05,9.614e-05,0.0,0.0,2.43e-06,7.76e-06,0.0,0.0,0.0,7.9e-05,0.00022526,7.7582e-05,3.2721e-05,3.827e-05,0.0,0.0,0.001415,7.48e-05,0.0,0.0,0.0,0.000192,4.9180999999999995e-05,2.3319e-05,6.27e-07,1.54e-06,1.6679e-05,0.000317,0.0,0.0,0.0,0.019812,0.0,0.0,4.0270000000000006e-05,2.814e-05,1.1479e-05,2.3638e-05,3.343e-05,0.0,0.000113,0.0008550000000000001,0.0007398,0.030691999999999997,0.005721000000000001,0.0,0.00012725,3.3144699999999995e-05,2.2713e-05,1.4618700000000001e-05,1.4302e-05,0.0,0.0,0.000137
ep_SFH_age_0_climate_1_493,493,27,0.4085925925925926,0.9685276737037036,0.26824444444444445,0.005286481481481481,0.0009444444444444445,0.000856,0.00023155925925925927,0.0001604385185185185,9.504592592592592e-05,6.467407407407406e-05,7.62962962962963e-05,4.777777777777777e-06,0.0009434444444444446,0.0005311111111111111,0.01784522222222222,0.0,0.00018629629629629627,0.00051,4.968e-05,3.7345592592592587e-05,2.0180444444444446e-05,6.037037037037037e-07,4.0740740740740745e-05,0.0004556666666666667,0.00023888888888888888,0.0,0.00605925925925926,0.0,0.0014725555555555557,0.00039498518518518515,6.737037037037037e-05,2.030259259259259e-05,1.4914814814814814e-05,0.0,0.0,0.00018355555555555557,0.0006215185185185185,0.0,0.0011814814814814815,0.0,0.0007277407407407408,0.0004464111111111111,0.00016653259259259256,2.707481481481481e-05,4.570592592592592e-05,6.296296296296296e-07,0.0,0.00021085185185185185,0.0005211111111111111,0.0,0.0037221444444444445,0.0,0.00017666666666666666,2.1551111111111107e-05,2.9425925925925925e-05,0.0,1.825925925925926e-07,3.403296296296296e-06,0.0,9.851851851851852e-05,9.962962962962964e-07,0.0,0.015922592592592592,0.0002217777777777778,0.0,0.0,2.2429629629629628e-05,2.6008518518518516e-06,1.5851851851851851e-06,8.416355555555554e-06,0.0007996296296296297,5.962962962962963e-05,0.0,0.001577851851851852,0.022176666666666667,0.0043271111111111114,0.0003048148148148148,2.8196296296296298e-05,1.6006666666666667e-05,1.0248814814814815e-05,5.341481481481481e-06,4.937037037037036e-06,4.296296296296296e-05,0.000667037037037037,0.0
ep_SFH_age_0_climate_1_535,535,14,0.6766428571428573,0.9530953571428571,0.3032214285714286,0.0054857142857142865,0.00075,0.0005375714285714286,0.0002648428571428572,0.00026177499999999995,0.00024625,0.00019088,0.0018959285714285712,5.2000000000000004e-05,0.0011114285714285714,0.0005786428571428572,0.0065,0.0,0.0010085714285714286,0.0005044571428571428,0.00013994285714285715,0.00010627228571428571,0.00010095642857142858,0.0,0.0,0.0015335714285714286,0.0005325714285714286,0.0,0.00865,0.0,0.00044714285714285716,0.0002818385714285714,7.470857142857143e-05,3.162857142857143e-05,3.2037857142857144e-05,0.0,0.0008164285714285714,0.0014978571428571428,0.00018,0.0,0.0,0.0,0.000775,0.0005311878571428571,9.970642857142857e-05,4.010621428571428e-05,5.609721428571428e-05,6.157142857142858e-06,0.0008714285714285715,0.0005914285714285714,0.0003357142857142857,7.057142857142856e-05,0.0019500000000000001,0.0014471428571428571,0.000145,0.00015302571428571428,5.056428571428572e-05,2.8142857142857143e-06,0.0,2.613857142857143e-05,0.00026571428571428574,0.0001592857142857143,0.0,7.785714285714286e-05,0.011192142857142857,7.999999999999999e-05,0.0006182214285714286,4.313571428571428e-05,6.802571428571429e-05,2.4827857142857144e-05,2.221428571428571e-05,2.6505e-05,0.0005857142857142858,0.0,5.407142857142857e-05,0.0006080714285714285,0.028985714285714285,0.0063685,0.0,0.0001312714285714286,3.8623857142857145e-05,3.409571428571429e-05,1.8664285714285716e-05,1.9435714285714285e-05,0.000185,0.0,0.0
ep_SFH_age_0_climate_2_1325,1325,15,0.5699333333333334,0.9596840200000003,0.31296,0.005995133333333334,0.00011233333333333333,0.0009513333333333333,0.00031050133333333335,0.00025628666666666663,0.0002478153333333333,0.00015905999999999998,0.00013533333333333333,0.0,0.00041066666666666666,4.346666666666667e-05,0.09155333333333335,0.0,0.0,0.0005583386666666667,0.00011808666666666666,9.678666666666667e-05,9.47193333333333e-05,6.8666666666666664e-06,0.000574,0.000192,0.000432,0.0,0.0,0.0,1.3466666666666668e-05,0.0004471,0.00011424066666666665,7.926666666666666e-05,7.379813333333332e-05,0.0,0.00014266666666666667,0.0,0.0,0.0,0.0,0.0,0.0,0.00021088666666666667,3.6213333333333334e-05,3.604466666666667e-05,3.562e-05,2.5133333333333332e-05,0.00038866666666666666,0.0,0.0,0.0,0.0,0.0,0.000268,2.7253333333333336e-05,1.7407333333333332e-05,4.175999999999999e-05,0.0,1.0228866666666666e-05,0.0,0.0,0.0,2.3e-05,0.008753333333333333,0.0,0.000278,1.8333333333333333e-05,3.450333333333333e-05,1.4453333333333334e-06,7.406000000000001e-06,1.7168666666666664e-05,0.000174,0.0,0.0,0.0015428,0.010052866666666665,0.0057914,0.0,9.242666666666665e-05,4.545199999999999e-05,2.9410666666666666e-05,9.058e-06,1.916333333333333e-05,0.0,7.066666666666666e-05,0.0
ep_SFH_age_0_climate_2_1691,1691,34,0.08323529411764706,0.9802978647058822,0.2405794117647059,0.003701411764705882,0.0012944117647058825,0.0010590999999999999,0.00037266441176470586,0.0003225205882352941,0.00029100529411764706,0.0002179205882352941,0.0,0.003820526470588236,0.0,0.0020107941176470585,0.013529411764705884,0.0,0.00010882352941176471,0.0009690588235294119,0.00015234411764705885,8.913882352941176e-05,5.172647058823529e-05,5.314705882352941e-06,0.0007865294117647059,0.0005259117647058823,0.0010312647058823528,0.0,0.0029920588235294115,0.0,0.0017185294117647058,0.0007368852941176471,0.00015519117647058822,0.00010268441176470588,9.70285294117647e-05,6.617647058823529e-06,5.088235294117647e-05,0.006184205882352942,0.00014058823529411766,0.0,0.003497058823529412,0.0,0.00024794117647058825,0.00043873529411764706,0.00010521176470588235,5.516941176470589e-05,3.051176470588235e-05,1.9958823529411766e-05,0.0008274117647058825,0.0007755,0.0,3.7264705882352937e-05,0.011856235294117647,0.0,8.194117647058824e-05,3.439764705882353e-05,2.9049411764705878e-05,7.873529411764706e-06,1.0347941176470587e-05,1.953529411764706e-05,0.00022411764705882354,0.0011736764705882353,0.0,1.588235294117647e-05,0.012556764705882354,0.0,0.0010974999999999997,3.7885294117647054e-05,4.288852941176471e-05,1.2692941176470587e-05,1.8597058823529413e-05,2.5076470588235296e-05,8.923529411764705e-05,9.764705882352942e-05,0.0,0.0017994117647058823,0.02079414705882353,0.00957273529411765,0.0003397058823529412,0.00021921382352941177,0.00010145176470588235,8.468470588235293e-05,3.6332941176470585e-05,3.073205882352942e-05,4.494117647058823e-05,0.0006708823529411764,0.0
ep_SFH_age_0_climate_2_1972,1972,14,0.7526428571428571,0.9499335714285715,0.3261357142857143,0.0045025,0.0,0.000697,0.0002472428571428572,0.00019865714285714284,0.00014368142857142859,8.72992857142857e-05,0.0021821428571428573,0.0003857142857142857,0.0,0.0010707142857142857,0.018949999999999998,0.0,7.785714285714286e-05,0.0004365121428571429,4.5342857142857146e-05,4.77e-05,8.545357142857144e-05,2.3428571428571425e-06,0.0006042857142857143,0.0002907142857142857,0.0016388214285714287,0.0,0.007461428571428571,0.0,0.0,0.0003157428571428571,0.0001502857142857143,0.00011813857142857143,5.3764285714285715e-05,8.830714285714286e-07,0.0004254285714285714,0.00020928571428571432,0.00033142857142857144,0.0,0.0,0.0,0.0001142857142857143,0.00015427857142857141,3.585142857142857e-05,4.394428571428571e-05,2.405642857142857e-05,1.2357142857142858e-07,0.0010942857142857143,0.0,0.0007050714285714285,0.0,0.0017071428571428572,0.0,2.657142857142857e-05,4.763928571428571e-05,9.907142857142858e-06,9.443571428571427e-06,1.4414285714285714e-05,1.6378571428571427e-05,0.0,0.0,0.0,0.0,0.022157142857142858,0.0001992857142857143,7.1e-05,4.02e-05,3.8542857142857144e-05,7.872857142857143e-06,1.5735714285714283e-05,2.1588857142857143e-05,0.0005690714285714285,0.0001407142857142857,0.0,0.00043564285714285715,0.037611428571428566,0.007419285714285713,0.00026571428571428574,0.00011075,3.907942857142857e-05,2.5495e-05,8.9e-06,1.2627857142857142e-05,0.0003628571428571429,0.0,0.00024164285714285713
ep_SFH_age_0_climate_3_955,955,21,0.4752380952380952,0.965142142857143,0.2654761904761905,0.005518504761904762,8.571428571428571e-05,0.0006941547619047618,0.00021160238095238094,0.00020792380952380953,0.00018956142857142855,0.00015139666666666668,0.0,0.0014909523809523808,0.00045428571428571425,0.0003972952380952381,0.007219047619047618,0.0,0.00043304761904761904,0.00048082380952380955,0.00012251952380952383,7.565885714285714e-05,5.337142857142857e-05,3.771428571428571e-05,0.0,0.0003909523809523809,5.9523809523809524e-05,0.0,0.008233333333333334,2.376190476190476e-06,0.0002666095238095238,0.0002511857142857143,5.833861904761905e-05,5.197857142857143e-05,3.6138095238095234e-05,2.0374285714285715e-05,0.0,0.0006990476190476191,0.0,0.0,0.0,0.0,4.504761904761905e-05,0.0002943619047619048,0.00011696619047619049,7.809999999999999e-05,3.190952380952381e-05,6.731857142857143e-06,0.0003471428571428571,0.00022933809523809526,0.0,0.0,0.008923809523809525,0.0,0.00017876190476190477,9.193171428571427e-05,6.983428571428571e-05,8.404e-05,1.676190476190476e-08,2.6207904761904765e-05,0.0,0.0,0.00010842857142857143,0.0,0.01888095238095238,0.0,0.0003966666666666667,6.97047619047619e-05,5.3809523809523804e-05,1.3057142857142856e-06,3.985714285714286e-06,2.3943809523809526e-05,0.0,0.0,0.0,0.0005600952380952382,0.026128238095238093,0.007676190476190477,0.0006142857142857142,0.00013923476190476193,5.4290000000000004e-05,3.0360476190476195e-05,2.5271428571428575e-05,2.3306238095238095e-05,0.0,0.0,0.0
ep_SFH_age_0_climate_3_1081,1081,9,0.8734444444444445,0.9416596666666668,0.38999999999999996,0.008613888888888888,0.00039,0.0004134555555555555,0.00010662788888888888,0.00011421111111111111,0.0001506222222222222,3.8388888888888885e-05,0.001856222222222222,0.0019490000000000002,0.00018444444444444443,0.0,0.0,0.0,0.0005543333333333333,0.0002818888888888889,0.00015065555555555553,0.00013301333333333334,0.00011402222222222223,0.0,0.00018999999999999998,0.0011277777777777777,0.0021411111111111114,0.0,0.0,0.0,0.0,0.00011207777777777777,0.00010706666666666666,1.8062e-05,3.711111111111111e-06,5.4e-07,0.0006288888888888889,0.0006633333333333333,0.0007566666666666667,0.0,0.0,0.0,0.00023333333333333333,0.00017458888888888886,7.841111111111112e-05,0.00010593333333333332,0.0,2.7333333333333335e-05,0.0023168888888888887,0.00022222222222222223,0.0013637,0.0,0.004405555555555556,0.0,0.00011888888888888889,0.00012986,5.738888888888888e-05,3.075e-05,1.2723333333333333e-07,1.3393333333333334e-05,0.0,0.0,0.0,0.0,0.03164444444444444,0.0,0.001332222222222222,3.628888888888889e-05,1.2111111111111112e-05,7.511111111111111e-07,0.0,1.633333333333333e-05,0.0001488888888888889,0.0,0.0007577777777777778,0.00034722222222222224,0.05840000000000001,0.009343333333333334,0.0,0.0001017111111111111,3.7900333333333334e-05,3.477777777777778e-05,3.411111111111111e-05,4.26011111111111e-05,0.0002288888888888889,0.0,0.0
ep_SFH_age_0_climate_3_1123,1123,10,0.6942,0.9526662,0.3368,0.009378000000000001,0.0009889999999999999,0.0009332399999999999,0.000291797,0.00024849,0.00021603,0.00017788,0.00128,0.00033,0.0001525,0.0,0.03838,0.0,0.0,0.00057165,0.00012098,7.354400000000001e-05,0.00012931000000000002,0.0,0.000363,0.000175,0.0,0.0,0.0,0.0,0.0,0.0003815,8.116899999999998e-05,8.1424e-05,5.1871000000000005e-05,0.0,0.0,0.0,0.0,0.0,0.0,0.0,0.0,0.000218638,4.4791000000000005e-05,4.9645e-05,5.8639999999999994e-05,0.0,0.0,0.0,0.0,0.0,0.0,0.0,0.0,1.8659400000000003e-05,9.728e-06,4.236000000000001e-05,0.0,1.6408e-05,0.00043499999999999995,0.0,0.0,3.59e-05,0.014141999999999998,0.0,0.0,7.733999999999999e-05,1.949e-05,2.98e-08,6.14e-07,1.16823e-05,0.000119,0.00016199999999999998,0.0,0.0015791,0.024835,0.0053708,0.0,0.00010991900000000002,4.7511000000000006e-05,2.39e-05,1.1873999999999998e-05,3.821e-06,0.0,0.0,0.0006348
ep_SFH_age_0_climate_4_1072,1072,10,0.8105,0.9463817999999998,0.3553,0.010388000000000001,0.0,0.0009023,0.00037837,0.00038396199999999995,0.00036023519999999994,0.00021222000000000002,0.000445,0.002594,0.0006904000000000001,0.0,0.05669999999999999,0.0,0.0,0.0005537000000000001,9.7599e-05,4.688e-05,3.1756e-05,2.27e-05,0.00042500000000000003,0.0002002,0.0022710999999999994,0.0,0.0,0.0,0.0,0.00037569999999999997,8.382e-05,3.6561e-05,2.4610000000000003e-05,1.4999999999999999e-05,0.0008500000000000001,0.0,0.0009126800000000001,0.0,0.0,0.0,0.0,0.0002852,0.000125785,5.1329e-05,1.883e-05,1.3530000000000001e-05,0.0,5.4e-05,0.00054,7.42e-05,0.0,0.0,0.0,9.738e-05,8.5555e-05,5.5219999999999996e-05,3.0900000000000003e-07,1.3567e-05,0.000125,0.0,0.000789,0.0001402,0.006866,0.0,2.03e-05,6.93e-05,2.432e-05,5.258e-06,3.3208e-05,4.508e-05,0.0006422000000000001,0.0,0.0,0.0008768000000000002,0.023483999999999998,0.006112,0.0,0.00014138,1.8979e-05,1.6842000000000002e-05,1.3958999999999998e-05,2.7070000000000003e-05,0.0,0.0,0.0
ep_SFH_age_0_climate_4_1688,1688,10,0.49820000000000003,0.9629494000000001,0.3258,0.00597,0.0004123,0.0008183300000000001,0.00024044000000000002,0.00024216,0.00018314999999999998,0.00013955,0.0,0.000343,0.000719,2.59e-05,0.04534,0.0,0.0,0.00045743,0.000118523,6.735500000000001e-05,7.359e-05,0.0,0.00012800000000000002,0.000144,0.0,0.0,0.0,0.0,0.0,0.0004037138000000001,9.958e-05,5.8773099999999995e-05,2.3e-05,0.0,0.0,0.0,0.0,0.0,0.0,0.0,0.0,0.00017999,7.919e-05,3.761e-05,3.5419999999999996e-05,1.07e-06,0.000321,2.63e-05,0.00012800000000000002,0.00010499999999999999,0.0,0.0,0.0,2.8700000000000003e-05,2.08674e-05,8.319e-06,0.0,5.017699999999999e-06,0.0,0.000961,0.0,0.0,0.017569999999999995,0.0,6.46e-06,1.891e-05,1.2854000000000001e-05,8.821e-06,1.9928e-05,2.3077000000000003e-05,0.0,0.000763,0.0,0.0021976,0.03586,0.006719,0.0,9.814100000000001e-05,2.5488999999999996e-05,3.3379999999999996e-05,1.3809999999999997e-05,1.891e-05,0.0,5.71e-05,0.0
ep_SFH_age_0_climate_4_1709,1709,5,0.725,0.9519880000000001,0.3519,0.007232,0.00034480000000000003,0.00097666,0.00026278,0.00023356,0.00019701999999999995,0.00014848,0.0,0.00277,0.000226,0.0,0.0,0.0,0.0,0.0007096,0.00018372,0.00010418999999999999,0.00010581804000000001,0.0,0.0006000000000000001,0.0001604,0.000758,0.0,0.0,0.0,0.0001228,0.00031898,3.552554000000001e-05,2.78e-06,1.9276e-05,0.0,9.7e-05,0.001312,0.0,0.0,0.0,0.0,0.00048399999999999995,0.00021738,6.497600000000001e-05,1.306e-05,2.8538e-05,0.0,0.0,0.0005120000000000001,0.0,0.0,0.0,0.0,0.0,3.54e-05,2.616e-05,8.78e-06,0.0,1.564e-05,0.0,0.000272,0.0,0.000314,0.00202,0.0,0.001168,1.482e-05,1.012e-05,0.0,1.654e-05,4.8094e-05,0.0,0.0,0.0,0.0010370000000000002,0.0217776,0.006952000000000002,0.0,0.00015038,1.2420000000000001e-05,5.1e-06,2.0306e-05,1.872e-05,0.0,0.0,0.0
ep_SFH_age_0_climate_5_417,417,21,-0.020042857142857133,0.9862759190476191,0.24797142857142856,0.007156666666666667,0.0019437619047619052,0.0010028904761904761,0.0003870304761904762,0.00035769999999999997,0.0003150714285714286,0.00017889,0.0009924285714285716,0.0002961904761904762,0.0003395238095238095,0.0024945238095238098,0.0069357142857142855,0.0,0.0005933333333333333,0.000578852857142857,0.00011353333333333333,0.00011740190476190477,0.00015423333333333333,0.0,3.757142857142857e-05,0.0,0.0006886190476190477,0.0,0.0032619047619047623,0.0,7.057142857142856e-05,0.00037326714285714293,8.003476190476191e-05,5.8719047619047626e-05,9.874476190476191e-05,0.0,0.00016952380952380951,0.00036047619047619047,0.0,0.0,0.0021999999999999997,0.0,0.0,0.0002538561904761905,5.463571428571429e-05,2.38e-06,1.7556666666666667e-05,7.871428571428572e-08,0.0,0.0,0.0,0.0,0.009636190476190475,0.0,0.0,4.0191428571428565e-05,2.730952380952381e-06,3.293571428571428e-06,1.523809523809524e-05,2.4295857142857143e-05,0.0,0.0,0.0005142857142857143,0.0,0.013429523809523811,3.2047619047619045e-06,0.0011404761904761905,2.4785714285714287e-05,1.883761904761905e-05,3.0128571428571424e-06,4.377242857142857e-05,4.210238095238096e-05,0.0,0.0,0.0,0.0027935714285714282,0.012725523809523812,0.0056280952380952385,0.0,0.00018336523809523808,2.404471428571428e-05,2.4549952380952383e-05,1.2682714285714286e-05,7.614761904761905e-06,0.0,0.00021714285714285713,0.0
ep_SFH_age_0_climate_5_758,758,5,0.8436,0.947036,0.34171999999999997,0.009708,0.0009300599999999999,0.0008522,0.0003329,0.00029584,0.00027506,0.00021688000000000002,0.0,0.0,0.0015559999999999999,0.0,0.0,0.0,0.000151,0.00042948,5.56394e-05,5.1183999999999996e-05,7.626e-05,0.0,0.0,0.00069,0.0,0.0,0.0,0.0,0.0009780000000000001,0.00029455999999999997,2.7942e-05,3.5120000000000004e-06,2.5280000000000002e-05,0.0,0.0,0.0,0.0,0.0,0.0,0.0,0.0025619999999999996,0.00021184000000000003,3.4200000000000005e-05,9.36e-10,3.5499999999999996e-05,0.0,0.00119,0.0,0.0,0.0,0.0,0.0,0.000696,1.436e-05,0.0,0.0,0.0,2.36e-05,0.0,0.0,0.00020600000000000002,0.0,0.0,0.0,0.0,0.0,0.0,0.0,3.4816e-05,4.1938000000000004e-05,0.0,0.0,0.000882,0.001188,0.009758,0.004798,0.0,0.00016497999999999998,1.5936e-05,2.5206000000000002e-05,2.7371999999999998e-05,4.0480000000000005e-05,0.001418,0.0,0.0
ep_SFH_age_0_climate_5_928,928,15,0.5624133333333333,0.9592183333333334,0.3372,0.010966266666666667,0.002242,0.00047579486666666663,0.00036916,0.0003316,0.00036787866666666667,0.00030556266666666664,0.001072,0.0005768,0.0006543333333333334,0.00039906666666666665,0.07566,0.0,0.0003346,0.000537978,8.384666666666666e-05,6.882000000000001e-05,7.716306666666667e-05,2.3666666666666667e-07,0.0009762666666666666,0.0008671333333333333,0.00013384666666666666,0.0,0.0,0.0,0.0011586666666666666,0.00016621733333333335,1.5836666666666667e-05,2.385533333333334e-05,4.1740666666666665e-05,0.0,1.2533333333333334e-07,0.00018433333333333333,0.000124,0.0,0.0,0.0,0.0,0.00010904133333333334,1.748e-05,3.7766e-05,6.0823e-05,6.793333333333333e-07,0.0,0.0,0.0,0.0,0.0,0.0,0.0008553333333333334,5.352666666666667e-06,1.6359999999999999e-06,1.4226666666666668e-06,2.6518666666666666e-06,2.486533333333333e-05,0.0,6.933333333333333e-05,0.0007266666666666667,6.38e-06,0.011706666666666667,0.0,0.0,5.662666666666667e-05,1.9152266666666663e-05,7.019999999999999e-07,2.9098000000000005e-05,2.444666666666667e-05,0.0006233333333333334,0.0,0.0,0.0018757333333333335,0.018832666666666668,0.0028380000000000002,0.0,0.00018144599999999998,3.2248e-05,3.3229866666666665e-05,2.7284666666666666e-05,4.062666666666667e-05,0.0,0.0006469333333333333,0.0
ep_SFH_age_1_climate_0_42,42,5,0.9294,0.9426460000000001,0.27820000000000006,0.0,0.0,0.000326,4.1372e-05,8.015999999999999e-05,4.31e-06,7.338000000000001e-06,0.0,0.0009339999999999999,0.0005290000000000001,0.0,0.0,0.0,5.64e-05,0.000208,0.00022764,0.00022962000000000004,9.84e-06,0.0,0.0,0.000382,0.000442,0.0,0.0,0.00202,0.0001082,4.932000000000001e-05,0.00022454,0.00019644000000000004,1.504e-06,0.0,0.0,0.0,0.0,0.0,0.0,2.48e-05,0.0,1.064e-05,0.00014612,6.529999999999999e-05,3.316e-05,4.839999999999999e-06,0.0,0.0,0.0,0.0,0.0,8.099999999999999e-05,0.0,0.00043381999999999996,6.252e-05,0.0,0.0,8.08e-07,0.0,0.0,0.00044799999999999994,0.00011960000000000001,0.005178,0.00289,0.0007440000000000001,0.00011802400000000002,7.18e-06,1.3958000000000001e-05,0.0,0.0,0.0,0.000716,0.0,0.0001884,0.006416,0.00213,0.0,1.272e-05,1.7744e-05,1.138e-05,6.839999999999999e-07,3.52e-06,0.0,0.0,0.0
ep_SFH_age_1_climate_0_168,168,10,0.742,0.9523955,0.26173,0.0022703000000000003,0.000248,0.0010804,0.000277348,0.00020119000000000002,0.00021861999999999996,0.00019146999999999998,0.000117,0.0,0.0,0.0009762,0.05808000000000001,0.0,0.000116,0.0006180000000000001,8.831e-05,7.888e-05,9.065300000000001e-05,0.0,0.0,0.0,0.0,0.0,0.0,3.97e-06,0.001901,0.0006141999999999999,0.00019297999999999999,0.00016126,0.000154759,0.0,0.0,0.0,0.0,0.0,0.0,7.890000000000001e-07,0.000899,0.00030049,8.297e-05,9.481000000000001e-05,0.000115266,0.0,0.0,0.0,0.0,0.0,0.0013700000000000001,0.00025100000000000003,0.000283,2.7882e-06,1.75e-07,1.7437e-05,0.0,1.6428e-05,0.0,0.0,0.0,5.72e-05,0.006579,0.00016199999999999998,0.0,5.8660000000000004e-05,2.342088e-05,1.7369999999999998e-06,1.671e-05,3.4695e-05,0.00046300000000000003,0.0,4.21e-05,0.0007157,0.02048,0.005349,0.0,0.00017502,7.47967e-05,4.1578e-05,2.0309999999999997e-05,1.784e-05,0.0,0.0,0.0
ep_SFH_age_1_climate_0_249,249,15,0.5475333333333334,0.9638042399999999,0.23332666666666665,0.0008226333333333333,1.12e-05,0.0009949693333333334,0.00027977946,0.00024742866666666664,0.0002636933333333334,0.00020082000000000002,0.0,0.0,0.0,2.5e-05,0.06405999999999999,0.0,0.0007226666666666666,0.0005313126666666668,0.0001196024,0.0001404,0.00013048666666666667,0.0,0.0,0.0,0.0,0.0,0.0016466666666666667,1.8466666666666667e-05,0.0014206666666666666,0.00042210733333333334,7.389666666666667e-05,7.815933333333334e-05,6.706866666666667e-05,0.0,0.000192,0.0,0.0,0.0,0.0005413333333333333,7.333333333333334e-06,0.000453,0.00026240666666666666,5.5078200000000004e-05,7.388918666666666e-05,5.714e-05,1.8026666666666668e-05,0.0,1.6666666666666667e-05,0.0,0.0,0.0016066666666666666,3.3533333333333336e-06,0.0,0.0,5.847333333333333e-06,2.1335333333333336e-05,0.0,1.3860666666666666e-05,0.00018133333333333334,0.0,0.0,0.0,0.005001999999999999,0.0,0.0,0.00010953399999999998,3.4938e-05,3.5386666666666667e-06,1.8727333333333333e-05,2.747340666666667e-05,0.0,0.0,0.0,0.0009846666666666665,0.009629333333333332,0.005079333333333333,0.0,9.307913333333334e-05,6.321460666666666e-05,4.2542e-05,1.8059999999999996e-05,8.453333333333333e-06,0.0,0.00054,0.0005306666666666667
ep_SFH_age_1_climate_1_32,32,10,0.6984000000000001,0.9528004999999998,0.30766000000000004,0.00683,0.0,0.000475,0.00030424780000000006,0.00026406779999999994,0.0002189,0.0002101,0.0,0.00102728,0.0008631,0.0,0.030679999999999995,0.0,0.0014201,0.00039810000000000003,0.00014113599999999998,0.00010881200000000001,0.000104371,0.0,0.0,0.00056,0.0007027,0.0,0.0,0.0,0.0,0.000258959,8.382e-05,5.185e-05,5.343499999999999e-05,0.0,0.000303,0.0007834899999999999,0.000643,0.0,0.0,0.0,0.000308,0.00023457,7.167199999999999e-05,3.0930000000000004e-05,6.7153e-05,0.0,0.0,2.79e-05,0.0,0.0,0.0,0.0,5.5e-05,3.509e-05,9.539999999999998e-06,0.0,0.0,1.1952800000000002e-05,0.000142,0.000197,0.0006272,4.23e-06,0.004656,0.0,0.00027499999999999996,1.3678999999999999e-05,1.985232e-05,1.06e-06,1.3430000000000002e-05,1.0427799999999999e-05,5.972e-05,0.0,0.0,0.000979,0.015711,0.006643999999999999,0.0,0.00010683799999999998,2.10373e-05,8.663e-06,2.1343e-06,5.422399999999999e-06,0.0,0.0,0.0
ep_SFH_age_1_climate_2_762,762,12,0.49700000000000005,0.963459925,0.28796666666666665,0.006832383333333333,0.0,0.0007726666666666666,0.00022570666666666667,0.00022698666666666665,0.00017994916666666668,9.228441666666666e-05,0.00031166666666666663,0.0,0.0005708333333333333,0.0,0.06727499999999999,0.0,0.0003980000000000001,0.0004174908333333333,3.586416666666666e-05,2.6631583333333334e-05,5.615e-06,1.0333333333333333e-07,0.0,0.0,0.0,0.0,0.0,0.0,0.0,0.0003363416666666667,6.258683333333333e-05,2.5283333333333332e-05,8.716666666666667e-07,4.808333333333333e-07,0.0005891666666666667,0.0003308333333333333,0.0,0.0,0.0,0.0,0.0,9.072583333333332e-05,8.598916666666665e-05,6.742166666666667e-05,0.0,6.44e-07,0.0,0.0,0.0,0.0,0.0,0.0,0.0,0.00026105583333333333,2.4888333333333334e-05,8.025e-06,1.0166666666666667e-06,1.5011666666666666e-05,0.0,0.0,0.0,0.0,0.016066666666666667,0.0,0.0,2.7583333333333333e-06,3.3984e-05,1.1486666666666666e-05,3.0083333333333335e-06,1.7326666666666668e-05,0.0,0.0002775,0.0,0.0017649166666666666,0.019916666666666666,0.004255,0.0,7.516666666666667e-05,3.02025e-05,2.1305833333333332e-05,1.3283333333333335e-05,1.4096666666666665e-05,0.0,0.0,0.0
ep_SFH_age_1_climate_2_852,852,10,0.7305999999999999,0.9507555999999999,0.34450000000000003,0.00809,0.00019,0.0008727,0.00031585999999999995,0.00034332,0.00032064999999999996,0.00023597,0.0,0.0,7.4e-05,0.0,0.06838000000000001,0.0,0.0,0.00044723199999999994,9.3077e-05,9.549999999999999e-05,6.8834e-05,1.09e-07,0.0,0.0,0.0011952,0.0,0.0,0.0,0.0,0.0003691,8.70741e-05,6.748999999999999e-05,3.9778e-05,1.1199999999999999e-06,0.0,0.0,2.02e-05,0.0,0.0,0.0,0.0,0.00018877,8.243e-05,8.282000000000001e-05,3.9848e-05,1.8899999999999999e-07,0.0,0.0,0.0,0.000119,0.0,0.0,0.0,7.2719e-05,0.0,1.021e-05,1.91e-07,2.2236000000000002e-05,0.0,0.0,0.0,0.0003022,0.007281999999999999,0.0,0.0013158,4.4e-05,4.113e-05,1.1791e-05,0.0,1.8116e-05,0.0,0.0,0.0,0.0014130000000000002,0.020102000000000002,0.005154000000000001,0.0,6.749599999999999e-05,5.371200000000001e-05,3.5373e-05,1.2129999999999999e-05,1.5946e-05,0.0,0.0,0.0
ep_SFH_age_1_climate_2_1161,1161,5,0.8394,0.9482900000000001,0.29174,0.005546000000000001,0.0,0.0010446000000000001,0.00036454,0.00037628,0.00032814000000000004,0.00030369999999999996,0.0,0.0,0.0,0.0,0.0,0.0,0.0,0.0007012,0.000136,0.00011160999999999998,8.032e-05,7.64e-07,0.0,0.0,0.0,0.0,0.0,0.0,0.0,0.0005688000000000001,0.000128584,8.614e-05,3.44e-05,0.0,0.0,0.0,0.0,0.0,0.0,0.0,0.0,0.00027878,7.492e-05,6.006e-05,5.2879999999999995e-05,0.0,0.0,0.0,0.0,0.0,0.0,0.0,0.0,8.400000000000001e-05,9.68e-07,0.0,0.0,1.8159999999999999e-06,0.0,0.0,0.0,0.0,0.0,0.0,0.0,4.014e-05,3.552e-05,0.0,2.6e-05,2.273e-05,0.0,0.0,0.0,0.0,0.010648,0.004832,0.0,9.473999999999999e-05,5.626e-05,4.1768e-05,2.6199999999999996e-05,3.766e-05,0.0,0.0,0.0
ep_SFH_age_1_climate_3_260,260,10,0.6676,0.955523,0.28551000000000004,0.0068509,0.000234,0.0009011,0.00033627999999999994,0.0003585,0.00034854000000000005,0.00014680999999999999,0.0,0.0,0.0,0.0,0.04671,0.0,0.0008309999999999999,0.0007317000000000001,0.00019614999999999997,0.00018176,0.000157242,0.0,0.0,0.0,0.000657,0.0,0.0,0.0,8.8e-05,0.0004751,7.439e-05,5.721000000000001e-05,3.6209999999999994e-05,0.0,0.0,0.0,0.000426,0.0,0.0,0.0,0.0,0.00023550000000000003,0.00011155999999999998,9.3965e-05,4.859e-05,8.77e-06,2.4699999999999997e-05,0.0,0.0009292,0.0,0.0,0.0,0.0,5.406e-05,1.0980000000000002e-05,2.1799999999999998e-05,0.0,1.743e-05,0.0,0.0,0.0,0.0,0.0042941,0.0,0.0,0.000128572,1.8661e-05,1.87e-06,1.1449999999999999e-05,1.9565499999999998e-05,0.0,0.0,0.0,0.0005842999999999999,0.019645,0.0056916,0.0,7.991000000000001e-05,6.8846e-05,5.3530000000000004e-05,3.689e-05,4.6617e-05,0.0,0.0,0.0
ep_SFH_age_0_climate_0_1313,1313,15,0.5844666666666666,0.9603189986666667,0.2772866666666667,0.0016347999999999998,0.0,0.00072958,0.00020746533333333331,0.00019532000000000002,0.00017721733333333334,0.00011142666666666667,0.00017313333333333333,0.0,0.00012360000000000002,9.666666666666667e-06,0.07517333333333333,3.126666666666667e-05,0.0005506666666666666,0.00044115333333333333,8.491333333333334e-05,9.895999999999999e-05,9.020133333333333e-05,0.0,9.733333333333333e-05,0.0,0.0,0.0,0.0,0.0,0.0005866666666666667,0.00039907999999999995,0.00015943333333333335,0.00016465333333333333,0.00014551333333333335,0.0,0.0,0.0,0.0,0.0,0.0,0.0,0.0002733333333333333,0.000241036,0.0001156,0.00011651333333333333,7.698666666666668e-05,1.1066666666666667e-05,0.0,0.0,0.0,0.0,0.0003526666666666667,0.0,0.0,1.0784e-05,1.5373333333333334e-05,3.309e-05,0.0,2.5276000000000003e-05,0.0,0.0,0.0,0.0,0.0062893333333333325,0.0,1.1133333333333332e-05,0.00011858066666666666,4.396666666666666e-05,2.4846666666666664e-05,1.2602666666666665e-05,2.555333333333333e-05,0.0,0.0,0.0,0.0011826,0.010313333333333334,0.007069666666666667,0.0,0.00014221333333333332,5.1908066666666665e-05,3.3538666666666664e-05,1.4637333333333333e-05,6.239913333333334e-06,0.0,0.0002866666666666667,0.0
ep_SFH_age_0_climate_0_1528,1528,10,0.8143,0.94492054,0.36419999999999997,0.004207,0.0,0.00016120000000000002,0.00026018,0.00026789100000000003,0.00028079099999999996,0.000282819,0.000302,0.0009436,0.0016218,0.0,0.07372999999999999,0.0,0.0,0.0003007,0.000139152,0.00014816999999999999,0.00012098039999999998,0.0,0.0,8.14e-05,9.382e-05,0.0,0.0,0.0,0.0,0.000377368,0.00011236,9.465099999999999e-05,6.976000000000001e-05,0.0,0.0,4.02e-05,0.0,0.0,0.0,0.0,2.76e-05,0.00060881,8.187539999999999e-05,0.00010885599999999999,7.254477e-05,0.0,0.00011,0.0,0.000577,0.0,0.0,0.00027499999999999996,0.0,3.011e-06,1.9285999999999998e-05,3.33e-05,0.0,2.7276000000000004e-05,0.0,0.0,0.0,0.0,0.013106999999999999,0.0009090000000000001,0.0,0.000155452,6.774e-05,9.784999999999999e-06,8.5358e-06,2.0759000000000002e-05,0.0,0.0,1.8900000000000002e-05,0.0016258000000000002,0.022942,0.007531,0.0,0.00012215000000000001,6.4713e-05,4.2062000000000005e-05,2.3140000000000002e-05,2.6719999999999998e-05,0.0,0.0,3.18e-05
ep_SFH_age_0_climate_0_2571,2571,10,0.7151,0.9542230899999999,0.29503,0.004574,7.03e-05,0.0007513000000000001,0.00018228000000000002,0.0001836,0.0001756,0.00014599870000000002,0.0,0.000155,0.00033800000000000003,0.0,0.040639999999999996,0.0,0.0008049999999999999,0.0004489,8.684900000000001e-05,8.856700000000001e-05,7.51616e-05,0.0,0.0,0.000238,0.00036909999999999997,0.0,0.0,0.0,0.0,0.00031349,8.425999999999998e-05,7.065e-05,4.99e-05,0.0,0.000104,0.0,6.380000000000001e-06,0.0,0.0,0.0,0.000865,0.00019114799999999998,7.7165e-05,8.139e-05,5.5895e-05,0.0,0.0,0.0,0.0011463,0.0,0.0,0.0,4.33e-05,1.5599999999999999e-06,7.934e-06,1.959e-05,0.0,8.510000000000002e-06,0.000122,0.0,0.0,0.0002498,0.00472,0.0,0.0,9.069800000000002e-05,3.528e-05,2.48e-06,1.23e-05,8.054e-06,0.0,6.52e-05,0.000158,0.0010786,0.021251,0.005229,0.0,7.7975e-05,2.9733899999999997e-05,2.4223999999999997e-05,9.974e-06,1.3291999999999999e-05,0.0,0.0,0.000144
ep_SFH_age_0_climate_0_2852,2852,16,0.754,0.94789693125,0.33716250000000003,0.003429375,0.001208125,0.000761025,0.00025835,0.00029551874999999997,0.00032908125000000003,0.000348175,0.00038,0.0008075,3.40625e-06,8.25e-05,0.02535125,0.0,0.00186,0.0006240624999999999,0.00023581875,0.00019731812499999997,0.000180416875,0.0,5.28125e-05,0.0,0.0,0.0,0.0,0.0,0.00075625,0.00025694375,0.00011250625,8.330625e-05,0.000110003125,0.0,0.000148125,0.000555625,0.000236875,0.0,0.0,0.000173125,0.000866875,0.000169145,9.328375e-05,9.2075e-05,9.159125e-05,1.025e-08,0.000725,0.0,0.0,0.0,0.00169375,0.0006125,0.0005975,4.5156249999999996e-05,3.2375e-06,1.606e-05,0.0,4.111875e-05,0.0,0.0,0.0001425,0.0,0.024518124999999998,0.0,0.0001525,0.00015575625,8.446768750000001e-05,2.8374374999999995e-05,3.09375e-05,3.643125e-05,0.0,0.000270625,0.0,0.0013251875,0.028649374999999998,0.007911062500000001,0.0,0.00027472499999999997,7.803e-05,5.4274374999999995e-05,2.820625e-05,2.15975e-05,0.0,0.0,0.0
ep_SFH_age_0_climate_0_3991,3991,15,0.453,0.967071,0.2853133333333334,0.0005113333333333334,0.00011533333333333334,0.00024836666666666667,7.831866666666666e-05,8.8222e-05,6.2728e-05,4.3839999999999994e-05,0.0,0.0,0.00022866666666666665,4.66e-05,0.05746666666666666,4.8066666666666665e-05,0.0010710666666666666,0.0002552133333333333,7.616266666666665e-05,9.664820000000001e-05,9.896599999999999e-05,8.154666666666667e-06,0.0,0.0,0.0,0.0,0.0,0.000570108,5.2333333333333336e-05,0.00021953333333333332,0.00010308733333333333,9.721333333333333e-05,9.818373333333334e-05,0.0,0.00036333333333333335,0.0,0.0,0.0,0.0,0.00049122,0.0,0.00013359333333333334,7.967333333333334e-05,5.0764000000000004e-05,5.476666666666667e-05,2.5863400000000004e-05,0.0,0.00023266666666666667,0.0,0.0,0.0,0.0,0.00021,0.00025599306666666664,4.7331333333333346e-05,3.642666666666667e-05,0.0,1.67798e-05,0.0,0.0,0.0,3.7e-06,0.00013893333333333334,1.6933333333333331e-07,0.0008886666666666666,6.362533333333334e-05,2.1782666666666664e-05,1.51812e-05,1.6613333333333332e-05,1.7685333333333335e-05,0.00016666666666666666,3.706666666666666e-05,0.0,0.0019017866666666665,0.007613333333333333,0.004931733333333332,0.0,0.00011066666666666667,3.440533333333333e-05,2.3793333333333335e-05,1.0722000000000002e-05,1.5373333333333334e-05,0.0,0.0,1.0133333333333333e-05
ep_SFH_age_0_climate_0_4717,4717,5,1.1484,0.9238000000000002,0.46662,0.002232,0.0,0.0015378000000000002,0.00040889999999999996,0.0003142,0.00030024,0.0003076,0.00052,0.001338,0.002342,0.0,0.0,0.0,0.0,0.0008130000000000001,0.00019277999999999998,0.00017004000000000002,0.00017334,0.0,0.0,0.004256,0.000732,0.0,0.0,0.0,0.000848,0.0007614000000000001,0.00025929999999999996,0.00018124,0.00014018,0.0,0.0,0.000127,0.0,0.0,0.0,0.0,0.0,0.00021364000000000002,2.7314e-05,3.9519999999999994e-05,9.8e-05,0.0,0.0,0.0,0.000878,6.86e-05,0.0,0.0033239999999999997,0.0,0.0,1.246e-05,1.9e-05,0.0,8.842e-05,0.0,0.0017139999999999998,0.0,4.52e-05,0.02908,0.0,0.00202,0.0001217124,9.760000000000001e-05,3.818e-05,5.420000000000001e-06,4.2628e-05,0.0,0.0,0.0,0.0009396,0.045666,0.013258,0.0,0.00030942000000000003,0.00013326,4.96e-05,2.188e-05,4.088e-05,0.0,0.0,0.0
ep_SFH_age_0_climate_0_6144,6144,18,-0.0061555555555555495,0.9839611111111112,0.3156055555555556,0.0027074444444444446,0.0003444444444444444,0.0006324055555555557,0.00012843888888888888,0.00010289961111111112,9.305e-05,8.807777777777777e-05,5.0333333333333335e-05,0.0025659444444444445,0.0006000000000000001,0.0022190555555555557,0.017924444444444448,0.0,0.0013233333333333335,0.0004443333333333333,0.00010855555555555556,9.136111111111111e-05,3.8333333333333334e-05,8.505555555555555e-06,0.0004327777777777778,0.0008466666666666667,0.00045322222222222226,0.0,0.001738888888888889,0.0,0.0006394444444444444,0.00036095555555555554,8.209833333333332e-05,5.4468333333333335e-05,4.7722222222222226e-05,1.1638888888888889e-05,0.0,0.001517222222222222,0.0002038888888888889,0.0,0.0003438888888888889,3.8388888888888885e-05,0.0,0.00023801666666666663,0.00010138555555555556,7.568222222222222e-05,3.255888888888889e-05,1.2557222222222222e-05,0.0,0.0,0.0004822222222222222,6.111111111111111e-06,0.011693888888888889,0.0004077777777777778,0.0,4.5107944444444445e-05,5.2724000000000005e-05,5.990666666666667e-05,4.008333333333333e-06,1.744388888888889e-05,2.1777777777777776e-05,0.0006461111111111112,0.0,0.0,0.038106666666666664,0.00039,0.00019055555555555555,8.96438888888889e-05,2.6068333333333332e-05,5.199999999999999e-06,1.5104444444444448e-05,2.6181333333333333e-05,0.0,0.0006127777777777777,0.0007111111111111111,0.0031705555555555554,0.035631666666666666,0.007091999999999999,0.0,0.00014687055555555556,4.9396833333333335e-05,3.3385000000000006e-05,1.985388888888889e-05,1.9066666666666665e-05,0.00045999999999999996,4.094444444444444e-05,0.00015038944444444445
ep_SFH_age_0_climate_1_566,566,20,0.5419499999999999,0.959553515,0.34027,0.0063430299999999995,0.0002177,0.000860965,0.000310273,0.00033023000000000004,0.0003186,0.0002296195,0.000568,0.0,0.00023549999999999998,2.295e-05,0.07356499999999999,0.0,4.545e-05,0.0004232655,9.26268e-05,0.00010695450000000001,8.949550000000002e-05,0.0,0.0007495,0.0008074999999999998,6.9e-05,0.0,0.0,0.0,9.855000000000001e-05,0.00026355899999999996,6.529499999999999e-05,6.631700000000001e-05,4.66285e-05,0.0,0.000796,0.0008084499999999999,1.26e-05,0.0,0.0,0.0,6.2e-05,0.000151745,7.215499999999999e-05,8.101500000000001e-05,6.167399999999999e-05,0.0,1.11e-05,0.000545,0.0004267,3.95e-05,0.0,0.0,0.0,5.7029999999999994e-05,1.4974999999999998e-05,2.2785e-06,5.758000000000001e-07,6.67685e-06,0.0,7.45e-05,0.0,1.8900000000000002e-05,0.0113875,0.0,0.000639,7.9292115e-05,3.825335e-05,9.255999999999999e-07,3.1234999999999995e-05,2.4897499999999997e-05,0.0001125,0.0001035,0.0,0.0021536999999999997,0.015140999999999998,0.005214435000000001,0.0,0.00011509750000000001,2.0581999999999997e-05,2.771125e-05,1.6837000000000005e-05,1.2209499999999999e-05,0.0,0.0,0.0020045
ep_SFH_age_0_climate_1_1377,1377,15,0.5758,0.9599605380000001,0.28517999999999993,0.004566933333333332,0.0008759999999999999,0.0010757012666666667,0.000399256,0.0003502606666666667,0.0003580333333333333,0.00030966373333333335,1.8266666666666666e-05,0.0,0.0,0.0,0.07212,0.0,0.0016266666666666665,0.00048235799999999995,0.00012441666666666666,0.00011467333333333333,0.00010760066666666668,0.0,0.0,0.000128,0.0,0.0,0.0009866666666666667,0.0,0.0003193333333333333,0.0003017999999999999,5.6443199999999995e-05,5.5800666666666676e-05,5.9198466666666666e-05,0.0,0.0,0.00017933333333333335,0.0,0.0,0.0,0.0,0.0,0.00014351,1.1271333333333333e-05,5.411633333333332e-05,7.4076e-05,4.6466666666666666e-08,0.0,0.0,0.0,8.533333333333334e-05,1.8333333333333333e-05,0.0008133333333333333,0.0,8.146666666666666e-06,9.866666666666666e-08,5.953333333333333e-06,0.0,2.479066666666667e-05,0.0,0.0,0.0,0.0,0.008116666666666668,0.0,0.0,8.317333333333333e-05,4.2702000000000006e-05,1.2973999999999998e-05,3.169333333333334e-05,2.8237333333333335e-05,0.0,0.0,0.0,0.0018632666666666665,0.013222666666666666,0.004262,0.0,0.0001626793333333333,3.528606666666667e-05,2.9006666666666668e-05,7.15558e-06,6.092933333333334e-06,0.0,0.00022266666666666667,0.0
ep_SFH_age_0_climate_1_1482,1482,15,0.6196666666666667,0.9561329333333332,0.3469933333333334,0.007660666666666666,0.0019274133333333334,0.001059175333333333,0.00037686940000000003,0.00032508,0.0003158866666666666,0.0002725,0.0,0.002391333333333334,0.0003552666666666667,4.780000000000001e-06,0.06403333333333333,0.0,0.0007524000000000001,0.0005556746666666668,0.00016610793333333334,0.00014256,0.00014336,0.0,0.0005646666666666667,0.0003955133333333333,0.0009939999999999999,0.0,0.0,0.0,0.00010333333333333333,0.00034568,6.376666666666667e-05,5.963633333333334e-05,7.306666666666665e-05,0.0,4.3866666666666665e-05,6.62e-05,0.000106,0.0,0.0,0.0,0.0005366666666666666,0.000145776,2.422666666666667e-05,4.0540666666666676e-05,5.430666666666667e-05,8.533333333333334e-06,5.246666666666667e-06,0.0003935333333333334,0.00012866666666666666,0.0,0.00029733333333333337,0.0,0.0,4.896666666666667e-06,9.573333333333335e-06,4.995333333333333e-06,1.96e-06,2.5060933333333336e-05,0.0,0.0,0.0,0.0,0.015077333333333331,0.00034666666666666667,0.0,5.420000000000001e-05,4.720994666666667e-05,8.839333333333334e-06,1.4309333333333332e-05,1.6275333333333333e-05,0.0,0.0,0.0,0.0016168720000000003,0.019382066666666663,0.0049872,0.0,0.00017690133333333333,4.9588666666666675e-05,3.2692466666666666e-05,7.830000000000001e-06,1.4553333333333333e-06,0.0,0.0,0.0
ep_SFH_age_0_climate_1_1515,1515,21,0.5432857142857143,0.9590762714285713,0.3472190476190476,0.006276523809523808,0.00019952380952380954,0.0003665952380952382,0.00012887809523809524,0.00013865714285714285,7.650952380952381e-05,0.0001288904761904762,6.490476190476191e-05,0.0003464761904761905,0.00035,4.476190476190476e-05,0.02993952380952381,3.971428571428571e-06,0.0003426666666666667,0.00028276095238095243,9.908047619047622e-05,5.286190476190477e-05,1.870504761904762e-05,5.428571428571428e-07,0.00019285714285714284,0.0007595238095238097,0.0007259047619047619,0.0,0.00036238095238095235,1.2047619047619046e-06,0.0011685714285714285,0.00018646190476190476,0.00012514285714285714,9.114285714285714e-05,2.7528095238095237e-05,0.0,0.0,0.00024,0.000890047619047619,0.0,0.0,0.0,0.0,7.482095238095237e-05,0.0001061095238095238,5.14477619047619e-05,2.9225904761904766e-05,1.6796666666666666e-06,0.0009485714285714286,0.0004547619047619048,0.0004826190476190476,0.0,7.666666666666667e-05,0.0,0.0,0.00016945238095238094,6.757142857142857e-05,9.261428571428571e-06,2.033333333333333e-06,1.2043333333333334e-05,0.00021047619047619048,0.00047238095238095237,5.190476190476191e-05,8.438095238095238e-05,0.01005047619047619,2.404761904761905e-05,0.001176190476190476,7.458095238095238e-06,3.009809523809524e-05,2.0326666666666663e-05,9.404761904761905e-06,9.717619047619049e-06,0.0005904761904761904,0.0,0.0,0.0016888190476190476,0.02406952380952381,0.007120952380952382,0.00010428571428571428,3.925619047619047e-05,2.6870952380952383e-05,1.682809523809524e-05,5.712380952380952e-06,5.004095238095239e-06,0.0003438095238095238,1.4095238095238095e-05,0.0
ep_SFH_age_0_climate_1_1866,1866,10,0.8154999999999999,0.9457171000000001,0.36000000000000004,0.00685366,0.0,0.000844255,0.0004359,0.00039151999999999996,0.00034025,0.000204187,0.0,0.0,3.4699999999999996e-05,0.0,0.05494000000000001,0.0,0.001528,0.0004503399999999999,0.000106558,6.680000000000001e-05,7.086e-05,0.0,0.0,0.0,0.0,0.0,0.0,0.0,0.001778,0.00021510000000000002,6.84e-05,4.571e-05,5.4536999999999996e-05,2.9710000000000002e-05,0.000203,0.0,0.0,0.0,0.0,0.0,0.001,0.00023387999999999998,8.672000000000001e-05,4.6292e-05,3.9120000000000005e-05,3.166e-05,0.0,0.000178,2.11e-05,2.47e-06,0.0,9.16e-05,0.0023439999999999997,5.373e-05,3.4019e-05,2.989e-05,0.0,2.6676e-05,0.0,0.0,0.000164,5.75e-05,0.02049,0.0009427,0.0,3.8151e-05,8.750429999999999e-05,1.2315000000000002e-05,3.66e-05,2.8381e-05,0.00116,0.0,0.0,0.00101776,0.039629000000000004,0.006554800000000001,0.0,0.00016921999999999998,3.6218e-05,3.4404e-05,1.8824e-05,2.3264e-05,0.0,0.00118,0.0
ep_SFH_age_0_climate_1_2325,2325,21,0.6416666666666666,0.9571624714285715,0.26472380952380953,0.0030444285714285716,0.0,0.00011457428571428573,1.838714285714286e-05,8.71904761904762e-06,5.037095238095238e-05,8.72904761904762e-05,0.0,0.0,3.442857142857143e-05,1.2571428571428572e-05,0.044300000000000006,0.0,2.8761904761904765e-05,0.0001180357142857143,1.856757142857143e-05,1.5775238095238096e-05,0.00014115238095238093,6.052857142857142e-05,0.0,7.523809523809524e-05,6.238095238095238e-05,0.0,0.0054514285714285715,0.0,0.0,9.519047619047619e-05,1.7384285714285715e-05,1.323809523809524e-05,4.6730190476190486e-05,9.61904761904762e-07,0.0,0.0,0.0012752380952380951,0.0,0.0,0.0,2.7666666666666667e-05,0.00014139047619047616,9.215528571428571e-05,0.00010203428571428573,2.6204761904761905e-05,5.679523809523809e-06,0.0,0.0,0.0,0.0,0.003166666666666667,0.0,0.00017238095238095237,2.7633333333333337e-06,9.757619047619047e-06,1.4635238095238093e-05,0.0,1.9472095238095238e-05,0.0,0.00011095238095238096,0.0,1.8904761904761904e-05,0.016657142857142856,0.0,0.0,9.038095238095238e-06,2.3573809523809524e-05,1.02883e-05,9.60190476190476e-06,2.0626190476190476e-05,0.0,0.0,1.3095238095238096e-05,0.0008021428571428571,0.028901904761904764,0.00699747619047619,0.0001280952380952381,8.553190476190476e-05,3.095266666666667e-05,1.1942333333333331e-05,7.5899999999999985e-06,5.702857142857142e-06,0.0,0.0,0.00024285714285714289
ep_SFH_age_0_climate_1_2701,2701,14,0.6549285714285714,0.9545659214285713,0.3330214285714286,0.008831928571428572,0.00012571428571428572,0.0014235714285714288,0.00040108571428571426,0.0003209285714285714,0.00018025714285714286,2.4752857142857142e-05,0.0,0.0005282857142857143,0.0,0.0,0.020082857142857145,0.0,1.5785714285714285e-05,0.0008539289214285715,0.0001785399285714286,0.00013469499999999997,2.9785714285714287e-07,6.685714285714285e-06,0.0,0.00037785714285714283,0.000375,0.0,0.0,0.0,0.0,0.00046543000000000013,7.561571428571428e-05,4.4418442857142844e-05,0.0,6.685714285714285e-06,0.0,0.0002307142857142857,0.0,0.0,0.0,0.0,0.00019214285714285714,0.00031401428571428566,6.404285714285715e-05,6.827857142857143e-05,2.984928571428571e-05,2.2849285714285714e-05,0.0,0.0,0.00034142857142857146,6.671428571428571e-05,0.0,0.0008771428571428573,0.0,3.968571428571428e-05,1.1713571428571429e-05,8.437857142857143e-06,1.8928571428571428e-06,1.55e-05,0.00013142857142857143,0.0,0.0,3.5642857142857143e-06,0.012002142857142859,0.00020442857142857141,0.0,2.505714285714286e-05,6.666071428571429e-05,2.1631428571428573e-05,1.8840000000000003e-05,1.1737142857142858e-05,0.00052,0.0,0.0,0.0015736428571428572,0.02551357142857143,0.004690928571428571,0.0,6.194928571428571e-05,1.6510785714285717e-05,2.2477142857142858e-05,8.26915e-06,8.619285714285715e-06,0.0,0.0,0.0004985714285714286
ep_SFH_age_0_climate_2_65,65,14,0.587,0.9611875928571428,0.27742857142857147,0.003077714285714285,0.0,0.0006927142857142858,0.0002356221428571428,0.00020014892857142858,0.00019079500000000003,9.774999999999999e-05,0.00025714285714285715,0.0003135714285714286,0.0,0.0,0.049514285714285726,0.0,0.0007642857142857142,0.0003496785714285715,5.519285714285714e-05,4.287285714285714e-05,2.643e-05,2.8071428571428573e-06,0.00023714285714285715,0.0,0.0006325,0.0,0.0,0.0,0.0,0.00033014285714285714,6.432357142857144e-05,2.88125e-05,2.8207142857142853e-05,1.6785714285714285e-05,0.0,0.0,0.00014285714285714287,0.0,0.0,0.0,1.1714285714285715e-05,0.00017559285714285715,5.446428571428571e-05,5.593571428571429e-05,2.664714285714285e-05,1.517e-05,0.0,0.0,0.00010642857142857143,0.0,0.0,0.0,7.928571428571429e-05,1.419e-05,5.5785714285714274e-06,2.0035e-05,0.0,4.035714285714285e-06,0.0,9.071428571428573e-05,0.0,0.0,0.003532857142857143,0.0,0.0,4.013071428571429e-06,3.865714285714285e-05,3.064285714285714e-06,3.692857142857143e-06,1.6425714285714285e-05,0.0,0.0,0.0,0.0007013571428571428,0.01327857142857143,0.006058571428571428,0.0,5.115e-05,3.0742142857142855e-05,1.7178571428571426e-05,1.1644285714285714e-05,1.661857142857143e-05,0.0,0.0,0.0
ep_SFH_age_0_climate_2_486,486,10,0.54321,0.9588483800000001,0.25249,0.0069933999999999994,0.0,0.00038544,9.998000000000002e-05,0.00020422000000000002,0.00021506799999999998,0.00017743000000000001,0.00058,0.000254,0.001086,9.64e-05,0.0196,0.0,0.0,0.00032474999999999995,0.00010442799999999998,6.686800000000001e-05,4.975e-05,0.0,0.0005380000000000001,0.000277,0.0,0.0,0.0,0.0,0.0,0.00024165,0.00011710000000000001,5.5389999999999997e-05,5.6987e-05,0.0,0.00029299999999999997,0.000441,0.0023169999999999996,0.0,0.0,0.0,0.0,0.000131104,5.228e-05,5.0118000000000004e-05,3.837e-05,0.0,0.0,8.329999999999999e-05,0.0,0.0,0.00115,0.0,0.0,0.00014093,1.382e-05,4.24e-06,1.7900000000000002e-06,1.9832e-05,0.000286,0.000133,0.0,0.0001239,0.00723,0.0,0.00022799999999999999,1.2889999999999999e-05,1.63e-05,1.67e-07,2.946e-06,2.0613e-05,0.000428,0.0,0.0,0.00041200000000000004,0.019479,0.007377,0.0,8.738e-05,4.6697000000000004e-05,3.4179999999999995e-05,2.5093999999999994e-05,2.4160000000000002e-05,0.00042199999999999996,0.0,0.0
ep_SFH_age_0_climate_2_545,545,20,0.3771075,0.967341945,0.282465,0.005104999999999999,0.00018385,0.0004862745,0.00017842000000000002,0.00012626189500000002,0.00015843000000000004,0.00019376499999999999,0.00270795,0.0,0.00035815,0.0009809999999999999,0.01402,0.0,0.0,0.00039121850000000004,6.20324e-05,7.89005e-05,7.204100000000001e-05,0.0,0.0007814999999999999,0.0,0.0,0.0,0.0032665,0.0,0.0,0.000347201,5.609e-05,5.21065e-05,3.618e-05,7.899999999999999e-06,0.00010715,0.0,0.0,0.0,0.0,0.0,1.995e-05,0.00030815549999999996,7.714e-05,5.493200000000001e-05,6.6087e-05,1.644155e-05,0.0001565,7.25e-05,0.0,1.215e-05,0.00608235,0.0,0.00010375,9.3335e-05,2.7424999999999996e-05,6.924000000000001e-05,3.77537e-05,4.0695500000000004e-05,8.25e-05,0.00044705000000000005,0.0,1.37e-05,0.02471,0.0,0.0,0.00023594999999999996,5.1987499999999996e-05,3.0489649999999997e-05,3.759150000000001e-05,5.303500000000001e-05,0.0,3.4949999999999996e-05,0.0,0.00142895,0.032941,0.007883000000000001,0.00014450000000000002,0.0001783455,8.3298e-05,5.9513000000000004e-05,4.169449999999999e-05,5.366590000000001e-05,0.0,0.0,0.0
ep_SFH_age_0_climate_2_2583,2583,14,0.5253571428571429,0.9647046142857143,0.2879285714285715,0.0030839999999999995,0.002797857142857143,0.0008505714285714286,0.00027498142857142855,0.00022999999999999998,0.00017445714285714285,0.00016967142857142857,0.0005228571428571428,0.0005778571428571429,0.0,2.6285714285714286e-05,0.010187857142857143,0.0,0.0007721428571428572,0.0005449285714285714,8.829285714285715e-05,0.00010797857142857143,8.571428571428571e-05,2.2e-06,0.0,0.00034956428571428574,0.000435,0.0,0.004892142857142857,0.0,0.0014147857142857143,0.0004249285714285714,0.00014703878571428573,9.321642857142857e-05,4.552142857142857e-05,0.0,0.0,3.692857142857143e-05,0.0,0.0,0.0,0.0,4.714285714285714e-05,0.00024767142857142854,7.902142857142856e-05,5.491735714285714e-05,4.703785714285715e-05,1.2285714285714286e-06,0.0,0.0,0.0004692857142857143,0.0,0.0,0.0,0.0,4.3599999999999996e-05,9.070714285714284e-06,9.657142857142857e-07,3.0357142857142855e-07,1.5764285714285713e-05,0.0,0.0005707142857142857,0.00010428571428571428,0.0,0.007923785714285715,0.0,0.000185,8.068571428571429e-06,2.5077142857142857e-05,5.334285714285714e-06,1.8928571428571428e-06,1.2067142857142858e-05,0.0,0.0,0.0,0.0003296428571428572,0.019832857142857145,0.00635857142857143,0.0,7.679285714285715e-05,4.3366428571428574e-05,2.4144714285714287e-05,2.4395714285714285e-05,3.4432857142857144e-05,0.0,0.0,0.0
ep_SFH_age_0_climate_2_2637,2637,15,0.4732066666666668,0.9649189333333332,0.3063333333333334,0.005917999999999999,0.00014486666666666667,0.0007983333333333332,0.00032558666666666664,0.0003185386666666666,0.0002709666666666666,0.0002696678533333333,0.0001772,5.493333333333333e-06,0.0010433333333333332,0.0,0.04500666666666667,0.0,0.0,0.0005313333333333334,0.0001419,0.00012814,0.00010793466666666667,1.6466666666666666e-07,4.533333333333334e-06,0.0,0.0,0.0,0.0,0.0,0.0,0.00028898666666666667,6.832666666666666e-05,3.567e-05,2.6048e-05,1.6e-05,0.00025800000000000004,0.0,0.0,0.0,0.0,0.0,0.0,0.00023877333333333333,6.91116e-05,3.2800000000000004e-05,3.6519999999999996e-05,3.26e-08,0.0002873333333333333,0.0,0.0,0.0,0.0,0.0,0.0,7.214e-05,1.1183333333333334e-05,1.4133333333333333e-06,7.733333333333334e-07,9.027466666666668e-06,0.0,1.96e-05,0.0,0.0,0.0012666666666666668,0.0,0.0,2.268e-05,3.0500666666666667e-05,2.982e-06,3.6133333333333336e-06,1.8396666666666666e-05,0.0,0.0,0.0,0.001882733333333333,0.008346666666666667,0.0055980000000000005,0.0,5.1200000000000004e-05,5.418266666666667e-05,3.105933333333333e-05,1.1267333333333335e-05,1.52386e-05,0.0,7.2e-06,0.0
ep_SFH_age_0_climate_2_3285,3285,21,0.4410476190476191,0.9676414047619049,0.28080000000000005,0.0056119523809523815,0.00026395238095238094,0.00028403333333333337,0.00015117142857142858,0.00011841695238095237,9.267476190476191e-05,4.1179523809523805e-05,0.0,0.0,0.0,1.3095238095238096e-05,0.04584285714285715,1.3619047619047618e-08,0.00011890476190476191,0.00033248095238095233,8.442809523809523e-05,5.9810904761904765e-05,5.163142857142858e-05,2.8666666666666666e-06,0.0,0.0,0.00011761904761904762,0.0,0.0004852380952380953,0.0,0.00010142857142857143,0.00014977619047619047,7.98847619047619e-05,5.014666666666667e-05,3.970285714285714e-05,3.3e-06,0.0,0.00036238095238095235,0.00019666666666666666,0.0,0.0,0.0,0.0,0.0002163714285714286,0.00010699490476190477,4.362913333333334e-05,2.8301904761904766e-05,1.1295238095238095e-05,0.00034085714285714286,4.280952380952381e-05,0.00041047619047619044,0.0,0.001815714285714286,0.0,8.428571428571429e-05,3.1380952380952382e-06,1.3233333333333333e-05,1.7385714285714286e-05,0.0,6.632285714285713e-06,0.0,0.0,0.00021666666666666668,0.0,0.010747619047619048,0.0,0.0,9.038095238095238e-06,2.505047619047619e-05,6.771619047619047e-06,1.5595238095238098e-06,1.686285714285714e-05,0.0001681857142857143,0.0,0.0,0.0013550476190476192,0.02040190476190476,0.005722761904761905,7.714285714285714e-05,3.6058095238095235e-05,2.5493809523809523e-05,2.2225904761904765e-05,1.4709190476190477e-05,1.4394761904761907e-05,6.142857142857142e-06,0.0,0.00024904761904761906
ep_SFH_age_0_climate_2_3494,3494,15,0.6473333333333333,0.9561958066666667,0.33112,0.004845933333333333,0.0,0.0007490953333333333,0.0002974933333333334,0.00032634666666666673,0.00032326666666666665,0.0002419226666666667,0.00015266666666666667,0.0005160000000000001,0.0005067333333333333,1.22e-05,0.04353333333333333,0.0,0.0,0.00043116666666666667,7.8814e-05,7.893333333333333e-05,6.792666666666668e-05,0.0,0.00024566666666666666,0.0001,0.00027466666666666666,0.0,0.0,0.0,0.0,0.00028314666666666666,5.36696e-05,4.752666666666667e-05,3.4653533333333336e-05,0.0,0.0,4.3866666666666665e-05,0.000226,0.0,0.0,0.0,0.0,0.00018766666666666666,6.718e-05,8.122666666666668e-05,5.129066666666667e-05,0.0,0.0012886666666666667,0.0,0.0,0.0,0.0,0.0,0.0,9.961999999999999e-06,1.7953333333333334e-06,1.028e-05,0.0,9.133333333333335e-06,0.0,0.00018406666666666668,0.0,0.0,0.006737466666666667,0.0,0.0,5.538066666666668e-05,2.3170666666666665e-05,3.759333333333333e-07,9.68e-06,3.6191333333333334e-05,0.0,0.0,0.0,0.00116388,0.011663333333333333,0.006337333333333332,0.0,6.806666666666666e-05,4.8168000000000004e-05,2.5672e-05,1.4333333333333332e-05,7.674e-06,0.0,0.0,0.0
ep_SFH_age_0_climate_3_1303,1303,15,0.45406,0.9666537333333333,0.29926,0.00755458,0.00026933333333333334,8.6478e-05,2.84034e-05,2.6528000000000004e-05,5.1841999999999996e-05,7.153333333333334e-05,0.00029666666666666665,0.0,6.733333333333333e-05,3.6400000000000004e-05,0.05168000000000001,0.0,0.0,0.00013178133333333335,5.4159333333333335e-05,5.6703333333333336e-05,6.238666666666668e-05,4.08e-07,0.0009186666666666667,0.00016066666666666665,2.0666666666666666e-05,0.0,0.0,0.0,0.0,6.803066666666667e-05,2.0419666666666667e-05,2.3379933333333336e-05,3.0258666666666662e-05,1.4333333333333335e-07,0.0,0.0,0.0,0.0,0.0,0.0,2.006666666666667e-06,4.962493333333333e-05,2.5253333333333334e-05,4.381446666666667e-05,4.9782400000000006e-05,0.0,0.0005813333333333333,0.0,0.0,0.0,0.0,0.0,0.0,5.117333333333333e-06,3.1136666666666665e-06,1.757333333333333e-05,0.0,3.151333333333333e-06,7.333333333333333e-05,0.0003885333333333333,0.0,0.0,0.011917333333333334,0.0,0.0,5.9659999999999995e-05,1.9506666666666667e-05,1.4706666666666668e-06,1.9599999999999998e-07,6.3266666666666665e-06,0.0,0.0,0.0,0.0018006666666666666,0.019724000000000002,0.0034752000000000003,0.0,3.428800000000001e-05,1.4879999999999998e-05,1.3079866666666668e-05,1.0446666666666668e-05,2.1735333333333335e-05,0.0002886,0.0,0.00015933333333333335
ep_SFH_age_0_climate_3_2057,2057,20,0.492305,0.960641495,0.37598000000000004,0.010299349999999999,0.0005586499999999999,0.00099385,0.0003114,0.00026804370000000006,0.00028073999999999997,0.00020438299999999998,0.00097955,0.0,0.0,0.0,0.06883500000000001,1.99e-07,0.0,0.00055055,0.00011719453000000001,0.00011864849999999999,0.000107245,1.7325000000000002e-07,4.775e-05,0.0001875,0.0,0.0,0.0,0.0,1.995e-06,0.00041282799999999996,9.7271e-05,9.48125e-05,6.413600000000001e-05,0.0,0.00065605,0.0008035000000000001,2.395e-05,0.0,0.0,0.0,0.0,0.00021502,4.73905e-05,5.64345e-05,4.424e-05,9.30585e-06,5.95e-05,0.0,0.0,0.0,0.0,0.0,0.0,8.64585e-06,1.6916000000000002e-05,3.89015e-05,6.85e-07,2.6070999999999998e-05,0.0,0.0,0.0,0.0,0.013195000000000002,0.0,0.0,0.00010389,3.7781500000000004e-05,1.1808750000000001e-05,6.2705e-06,2.16137e-05,0.0,0.0,9.1e-05,0.0025537499999999996,0.017137350000000003,0.0043858199999999995,0.00047950000000000005,0.00011653255,5.0369e-05,3.37285e-05,1.876935e-05,2.8939999999999997e-05,0.0,0.0,0.0
ep_SFH_age_0_climate_3_2769,2769,5,0.8837999999999999,0.9357,0.4984,0.0159,9.76e-06,0.0013488,0.00036780000000000005,0.00028626,0.00030920000000000003,0.000245,0.000826,0.00228,0.0,0.0,0.0,0.0,0.0,0.000835,0.0001716,8.992e-05,0.00010307,0.0,0.0001918,0.0,0.00011080000000000001,0.0,0.0,0.0,0.0,0.00066,9.706000000000001e-05,0.00011789999999999999,8.246200000000001e-05,0.0,0.0017760000000000002,0.00131,0.004336,0.0,0.0,0.0,0.0,0.00023119999999999998,3.852e-05,3.348e-05,2.56e-05,0.0,0.0,0.0018,0.0,0.0,0.0,0.0,0.0,2.8800000000000002e-05,2.066e-05,5.79e-06,0.0,3.8214e-05,0.0001472,0.001062,0.0,0.0,0.04398,0.0,0.0,9.26e-05,6.608e-05,1.346e-05,0.0,2.9106e-05,0.00123,0.0,0.0030960000000000002,0.0031600000000000005,0.07542,0.006057999999999999,0.0,0.0003074,0.00012267999999999998,8.269999999999999e-05,5.7879999999999995e-05,7.642e-05,0.0,0.0,0.0
ep_SFH_age_0_climate_3_3554,3554,10,0.7034,0.9480534,0.3888,0.011751600000000001,0.0,0.0011373999999999998,0.000337878,0.00019804300000000001,0.00021755999999999997,8.769609999999999e-05,0.0,0.0,0.0,1.32e-06,0.049530000000000005,0.0,0.0,0.00062402,8.0138e-05,9.598009999999999e-05,0.000138073,0.0,0.0,0.000915,0.0009429999999999999,0.0,0.0,0.0,0.0,0.0004564200000000001,0.00011446,0.000178083,0.000147403,1.54e-05,0.0,0.0006482,0.0008619999999999999,0.0,0.0,0.0,0.0,0.000226088,3.8645e-05,9.947000000000001e-05,5.2102300000000004e-05,0.0,6.86e-05,0.00092,0.000358,8.96e-05,0.0,0.0,0.0,0.00010549999999999999,7.540000000000001e-06,2.383e-05,1.12e-05,3.1791999999999996e-05,0.000723,0.0008823800000000001,0.0,3.65e-05,0.022513,0.0,0.0,9.492e-05,2.4820000000000003e-05,1.24e-06,1.368e-05,3.462e-05,0.000366,0.000737,0.0,0.0015559999999999997,0.03074,0.0069441,4.24e-05,0.00015798,5.774000000000001e-05,4.4571e-05,3.157e-05,4.1156000000000004e-05,0.0,0.0,0.000628
ep_SFH_age_0_climate_3_3711,3711,15,0.56974,0.9579616333333334,0.3492866666666667,0.00936284,0.0013912,0.0008528666666666666,0.0003256066666666667,0.0002731366666666667,0.00027267666666666666,0.0002122,4.52e-05,0.0,0.0003313333333333334,1.46e-05,0.07732000000000001,3.4333333333333332e-06,0.0,0.0007122666666666666,0.0001359526666666667,9.931533333333335e-05,0.0001161913333333333,6.386666666666667e-08,0.00033733333333333337,0.0,0.0,0.0,0.0,1.1399999999999999e-06,0.0,0.0004300666666666667,0.0001153198666666667,8.639333333333333e-05,0.00011678133333333333,0.0,0.00032266666666666663,0.0,0.0,0.0,0.0,0.0,0.0,0.00022574,5.857493333333333e-05,4.876066666666667e-05,4.3939999999999996e-05,2.88e-06,0.0,0.0,0.0,0.0,0.0,0.0,0.0,7.405999999999999e-06,5.013333333333334e-06,1.8258666666666665e-05,0.0,2.9671333333333332e-05,0.0006966666666666667,0.0,0.0,0.0,0.011046666666666668,0.0,0.0,4.68e-06,2.195e-05,8.323333333333334e-06,1e-06,2.1087333333333334e-05,0.000572,0.0,2.846666666666667e-05,0.0017973933333333336,0.021651333333333335,0.004720666666666666,0.0,0.00013159333333333332,6.107999999999999e-05,3.913766666666666e-05,1.8401333333333333e-05,2.573733333333334e-05,0.0,0.0,0.0
ep_SFH_age_0_climate_3_4047,4047,5,0.7615999999999999,0.9473659999999999,0.362,0.012121999999999999,0.0,0.0012098,0.00032319999999999994,0.00028003999999999995,0.00026856000000000004,0.00018532000000000002,0.0,0.0017480000000000002,0.0,0.0,0.0,0.0,0.0,0.0007626,0.00020626,0.00018396,0.0001515,0.0,0.0027280000000000004,0.001826,0.0,0.0,0.0,0.0,0.0,0.00042199999999999996,6.361999999999999e-05,2.3520000000000002e-05,4.112e-05,0.0,0.0,0.000522,0.0,0.0,0.0,0.0,0.0,0.00023134000000000002,8.632e-05,0.00011682000000000001,5.4199999999999996e-05,0.0,0.0,0.0,0.0,0.0,0.0,0.0,0.0,8.6e-06,5.518e-05,2.7799999999999998e-05,0.0,5.4680000000000005e-05,0.0,0.0028860000000000005,0.0,0.0,0.0054800000000000005,0.0,0.0025399999999999997,6.56e-05,6.65e-05,2.5799999999999997e-05,2.64e-06,5.35e-05,0.0,0.0,0.0,0.0012347999999999999,0.02026,0.0063,0.0,0.0002633,6.87e-05,2.922e-05,2.02266e-05,5.26e-05,0.0,0.001722,0.0
ep_SFH_age_0_climate_3_4215,4215,10,0.7674,0.9460980000000001,0.4053,0.0110303,0.0,0.00084845,0.00023355500000000004,0.000146287,6.314000000000001e-05,0.00013823250000000002,0.0,0.0014340000000000002,0.0,2.5500000000000003e-05,0.05221,0.0,0.0,0.00052238,7.485e-05,4.6759000000000004e-05,5.41e-06,5.4113e-05,0.000147,0.0,0.0,0.0,0.0,0.0,0.0,0.00045533,8.213199999999999e-05,4.2936000000000004e-05,9.33e-08,0.0,0.0,0.0005369999999999999,5.0600000000000003e-05,0.0,0.0,0.0,0.0,0.00035445999999999996,0.000163824,6.786300000000001e-05,1.7208e-05,0.0,0.0,0.0,0.0,0.0,0.00356,0.0,0.0,0.0001764,3.0704e-05,7.621e-06,0.0,1.3641e-05,0.0,0.000313,0.0,6.74e-05,0.021088,0.000492,0.0,3.4480000000000003e-06,6.54e-06,6.199999999999999e-06,0.0,1.4203999999999998e-05,7.730000000000001e-05,0.000126,0.0,0.0021822,0.032965,0.0048273000000000005,0.0,4.95e-05,2.9299999999999997e-05,1.8459500000000002e-05,7.19e-06,2.187e-06,0.000832,0.0,0.0
ep_SFH_age_0_climate_4_2155,2155,14,0.7218571428571429,0.9518305714285713,0.3527214285714285,0.007718714285714285,0.0008442857142857142,0.0004249857142857143,0.0002921192857142857,0.0002909564285714286,0.00028980714285714283,0.00011487285714285715,0.001457857142857143,0.0,0.00030228571428571425,0.0,0.02165071428571429,4.1e-06,0.0,0.00020132142857142858,0.0001843,0.00013346428571428572,9.659285714285714e-05,0.0,0.00010785714285714286,0.0,9e-05,0.0,0.0004264285714285714,1.5571428571428573e-05,4.085714285714286e-05,0.00012399228571428571,5.441428571428571e-05,1.6902142857142855e-05,3.515499999999999e-05,2.1571428571428574e-05,0.0,0.0,0.00025342857142857144,0.0,0.0,0.0,0.0,0.0005120000000000001,7.724607142857143e-05,6.715714285714286e-05,1.3185714285714287e-05,2.6735714285714287e-05,0.0,0.0,0.0,0.0001082142857142857,0.003335714285714286,0.0,0.0,6.6015e-05,3.2887142857142855e-05,1.900285714285714e-05,0.0,1.774898571428571e-05,0.0,0.0,7.064285714285714e-05,3.7428571428571434e-05,0.022285992857142858,0.0,0.0,0.00010019285714285713,5.8292857142857136e-05,8.592857142857142e-06,1.4407142857142858e-05,1.824642857142857e-05,0.0,0.00021714285714285715,0.0,0.0007604785714285713,0.03387,0.008455,0.0,9.629214285714287e-05,3.069285714285714e-05,3.244e-05,2.3464500000000002e-05,3.943571428571429e-05,0.0,0.0,0.0008935714285714286
ep_SFH_age_0_climate_4_3344,3344,6,0.5763333333333334,0.9535816666666667,0.38433333333333336,0.010411666666666666,0.0,0.0008441666666666667,0.000268085,0.00021698333333333337,0.00016089999999999998,7.233333333333333e-05,0.0014933333333333333,0.00045666666666666664,0.003183333333333333,0.00042500000000000003,0.0,0.0,0.0,0.0006255000000000001,0.00020320000000000003,0.00014255,0.00015723333333333332,0.0,0.005228333333333332,0.0,0.00078,0.0,0.0,0.0,0.0,0.0008351,0.0001368933333333333,9.745e-05,0.00018331666666666663,0.0,0.00020333333333333333,0.0012808333333333333,0.0,0.0,0.0,0.0,0.0,0.0004751666666666667,0.00011814999999999999,1.8341000000000003e-05,0.0,7.466666666666667e-07,0.0009433333333333334,0.0,0.0,0.0,0.0,0.0,0.00044833333333333335,7.108666666666667e-05,1.665e-05,2.1833333333333337e-05,0.0,4.7333333333333336e-05,0.0,0.0,0.0,8.033333333333334e-05,0.023485000000000002,0.0,0.0025633333333333333,6.966666666666668e-05,9.5185e-06,3.447833333333333e-05,0.0,1.71875e-05,0.0,8.833333333333333e-05,0.0,0.0009943666666666665,0.05156666666666667,0.0122265,0.0012583333333333333,0.0002928833333333333,8.325e-05,4.8966666666666667e-05,1.6651666666666665e-05,5.859166666666667e-05,0.0,0.0,0.0
ep_SFH_age_0_climate_4_3470,3470,18,0.2593611111111111,0.9758197777777777,0.33217222222222215,0.0030327222222222222,0.0005425555555555556,0.0007574500000000001,0.0002583261111111111,0.00026849888888888886,0.00023486666666666667,0.00018231555555555556,0.0014294611111111111,0.0,0.0003361111111111111,0.0,0.02361111111111111,0.0,0.00030722222222222224,0.0004295777777777777,7.489444444444445e-05,7.028222222222222e-05,7.76e-05,1.05e-05,0.0021300000000000004,0.0,0.002521111111111111,0.0,0.0,0.0,0.00017444444444444444,0.00035309999999999996,0.00013362777777777777,6.320831666666667e-05,5.036666666666667e-05,0.0,0.0008986111111111112,2.1944444444444445e-05,0.00015722222222222223,0.0,0.0,0.0,0.0004927777777777777,0.0001538388888888889,6.353222222222223e-05,3.8376111111111116e-05,5.5077777777777785e-05,6.427777777777778e-06,0.0014883333333333337,0.0,0.0,0.0,0.0012333333333333335,0.0,0.00039277777777777775,1.76e-05,2.6772222222222222e-05,1.7636666666666667e-05,0.0,9.95e-06,0.0,0.0002627777777777778,0.0003133333333333333,0.0,0.01951611111111111,0.0,0.0,2.75e-07,0.0,6.112777777777778e-06,3.5354444444444444e-05,4.873888888888889e-05,0.0,0.0006205555555555555,0.0,0.0017811244444444442,0.034866666666666664,0.004911666666666666,3.183333333333333e-05,0.0001355338888888889,1.3596111111111112e-05,3.494833333333333e-05,2.9881111111111113e-05,5.201500000000001e-05,0.0,9.888888888888888e-05,0.0
ep_SFH_age_0_climate_4_4111,4111,15,0.5634066666666667,0.9585362666666666,0.3439333333333333,0.007347533333333333,7.266666666666667e-05,0.0009613333333333332,0.00035034200000000007,0.00030985733333333335,0.00030485999999999995,0.00013832,0.000664,0.0004799333333333333,2e-06,0.0,0.06672666666666666,0.0,0.0005200000000000001,0.0006623919999999999,8.930106666666667e-05,2.5977999999999998e-05,3.4706666666666664e-05,1.6133333333333333e-06,0.0007524000000000001,0.0,0.000128,0.0,0.00024933333333333334,0.0,0.0004160666666666667,0.0004190666666666666,8.044266666666668e-05,4.467036666666667e-05,2.104e-05,7.4e-06,0.00130624,2.96e-05,0.0,0.0,0.0,0.0,0.00047873333333333333,0.0002928266666666667,0.0001103306,6.721326666666666e-05,2.398666666666667e-05,1.8411333333333334e-05,0.0004306666666666667,0.0,0.0,0.0,0.00021,0.0,0.0,5.146666666666666e-05,3.9691333333333324e-05,6.722933333333332e-05,0.0,1.19e-05,0.0,0.0005593333333333333,0.0,0.0,0.015966666666666667,0.0,0.0,3.137333333333334e-05,4.306666666666666e-06,2.9066666666666666e-06,1.7995333333333334e-05,2.4408e-05,0.0,0.00033000000000000005,0.0,0.0018691866666666669,0.022352666666666667,0.006493066666666667,0.000556,0.00014547333333333334,3.2935333333333336e-05,2.5916666666666665e-05,2.3373333333333332e-05,1.5042666666666666e-05,5.353333333333333e-05,0.0,0.0005753333333333333
ep_SFH_age_0_climate_4_4325,4325,21,0.46819047619047616,0.9645368571428572,0.3261238095238096,0.005032857142857142,0.0008739523809523812,0.0006924285714285715,0.00017479523809523813,0.00020200142857142856,0.00018616414285714287,0.00011189571428571429,0.0003812857142857143,0.0016647619047619046,0.001092761904761905,2.6904761904761902e-05,0.03593333333333334,0.0,0.0011278809523809523,0.0004402095238095238,5.781809523809525e-05,5.5865714285714284e-05,6.009666666666666e-05,1.390095238095238e-05,0.0009385714285714285,0.00038666666666666667,0.0,0.0,0.0027666666666666664,0.0,0.0,0.0004001428571428571,4.2847142857142855e-05,3.6213761904761904e-05,7.478380952380952e-05,9.619047619047619e-09,0.0,0.0,1.5952380952380954e-05,0.0,0.0,0.0,0.0,0.0003583952380952381,8.77177142857143e-05,8.868028571428572e-05,4.277466666666667e-05,6.5714285714285714e-06,0.0,0.00016142857142857143,0.000505047619047619,0.0,0.0006333333333333333,0.0,3.3114285714285715e-05,5.983714285714285e-05,3.556904761904761e-05,1.9010952380952384e-05,0.0,9.069561904761906e-06,0.0002457142857142857,3.566666666666667e-05,0.0,0.0,0.007000476190476189,0.0,2.2476190476190474e-05,5.405514285714286e-05,3.5190476190476193e-07,2.4114285714285715e-06,1.1880952380952381e-05,1.2992380952380952e-05,0.0,0.0,4.9047619047619054e-05,0.0015145238095238096,0.01978047619047619,0.00648142857142857,0.0,9.929809523809525e-05,1.6559523809523807e-05,3.1009999999999996e-05,1.1666285714285713e-05,2.7687619047619048e-05,0.00013238095238095237,0.0,0.0
ep_SFH_age_0_climate_4_4409,4409,15,0.3978813333333333,0.9702431666666667,0.28603999999999996,0.0038506666666666667,0.0,0.00065362,0.00024429333333333335,0.0002358286666666667,0.00021249333333333333,0.00016521133333333334,0.00017066666666666668,0.00068,0.00017693333333333334,2.5333333333333334e-05,0.047420000000000004,3.633333333333333e-05,0.00012466666666666667,0.00047653333333333333,0.00010511199999999997,5.942333333333333e-05,7.238e-05,0.0,0.000196,0.0,0.0003548,0.0,0.0,0.0,0.0,0.00025020666666666664,4.566666666666667e-05,1.9122e-05,3.6286e-05,8.266666666666667e-07,0.0,0.0,6.319999999999999e-05,0.0,0.0,0.0,0.00013466666666666667,0.00020868,7.824520000000001e-05,2.38041e-05,4.3452000000000003e-05,0.0,0.0,0.0005733333333333334,0.0,0.0,0.0,0.0,0.0,2.9686e-05,1.673333333333333e-05,8.9358e-06,0.0,1.932e-06,0.0,0.0,0.0,0.0,0.0033400000000000005,0.0,0.0,1.4029e-06,0.0,1.8333333333333333e-07,1.3886666666666669e-05,3.559333333333334e-05,0.0,0.0,0.0,0.0014864066666666668,0.012849000000000001,0.005563333333333333,0.0,7.240666666666667e-05,1.6055333333333335e-05,2.1003333333333333e-05,9.826866666666667e-06,1.4454666666666667e-05,0.0,0.0,0.0
ep_SFH_age_0_climate_4_5146,5146,15,0.39263266666666674,0.9697486106666667,0.29497999999999996,0.003969599999999999,0.0,0.00046301333333333334,0.00017176442000000003,0.00021459333333333333,0.0002135066666666667,0.00013769333333333333,0.00040466666666666667,0.0,0.0004773333333333333,0.00028339999999999995,0.029753333333333336,0.0,0.0,0.0004174,0.00012703533333333335,8.898933333333335e-05,9.304666666666667e-05,0.0,0.0,0.0,0.00019666666666666666,0.0,0.0,0.0,0.00014866666666666668,0.00020099999999999998,2.14538e-05,2.53428e-05,3.2262666666666665e-05,0.0,0.0002466666666666667,0.0006033333333333334,0.0,0.0,0.0,0.0,0.0,0.0002686533333333333,7.737333333333333e-05,6.0513333333333336e-05,4.3708866666666664e-05,9.466666666666667e-08,0.0,0.00068,0.0,0.0,0.0,0.0,0.0,2.1714e-05,1.8775333333333333e-05,1.0903333333333335e-05,0.0,1.1065399999999999e-05,9.666666666666665e-05,2.8133333333333334e-05,0.0,2.7066666666666666e-05,0.0028706666666666668,0.0,0.0,5.867333333333333e-05,1.0861999999999999e-05,1.0198e-05,1.3846666666666667e-05,3.1797333333333335e-05,0.0,0.0,0.0,0.0015157333333333334,0.015545333333333333,0.006860866666666666,0.0,8.160333333333333e-05,2.1592666666666664e-05,2.3249333333333338e-05,6.22e-06,1.5338e-05,0.0,0.0,0.0
ep_SFH_age_0_climate_5_1289,1289,10,0.44989999999999997,0.9629337,0.3585,0.0086248,0.0010199,0.0004622,0.00032925,0.0002952585,0.00024823,0.00014675999999999996,0.000545,0.0004584,0.0018000000000000002,0.000252,0.036649999999999995,0.0,0.0,0.0005123399999999999,3.972e-05,4.081220000000001e-05,4.638899999999999e-05,4.614e-05,0.000244,0.000392,0.0012309999999999999,0.0,0.0,0.0,0.0,0.0003407,1.7376e-05,1.8300199999999998e-05,2e-05,4.59e-06,0.00039899999999999994,0.001046,0.001695,0.0,0.0,0.0,0.0,0.00040560099999999995,0.00010100999999999998,0.000135464,4.4691e-05,1.5841e-05,0.0011179999999999999,0.0035046,0.000605,0.0,0.0,0.0,0.0,6.19e-07,8.511999999999999e-07,8.46e-06,4.0500000000000004e-07,2.9355e-05,0.0005886999999999999,0.000201,0.0,0.0,0.015149000000000001,0.0,0.0,8.462199999999999e-05,9.679999999999999e-06,1.5681e-05,2.1795e-05,3.32179e-05,0.0,0.0,0.0001,0.0020347,0.031232000000000003,0.006267,0.000148,0.000155381,5.0678e-05,3.8860000000000004e-05,2.41e-05,3.2260000000000006e-05,7.27e-05,0.0,0.0
ep_SFH_age_0_climate_5_1452,1452,15,0.43326666666666663,0.9663381666666666,0.33363333333333334,0.007806733333333334,0.0,0.0007446200000000001,0.00031403106666666664,0.00030966000000000007,0.00027151333333333335,0.00016195333333333335,0.0010740666666666668,0.0008492333333333333,0.0,0.0,0.021957333333333332,4.1666666666666665e-05,0.00045819999999999997,0.0004339786666666667,6.010666666666667e-05,6.875333333333333e-05,8.805133333333334e-05,0.0,0.00028333333333333335,0.0012120000000000002,4.42e-06,0.0,0.0,0.0,0.000244,0.00027783333333333333,5.1720000000000006e-05,3.397533333333333e-05,4.289466666666667e-05,1.3066666666666666e-05,0.00018013333333333334,0.0004166666666666667,0.0,0.0,0.0,0.0,8.133333333333334e-05,0.00022219726666666668,4.965333333333333e-05,1.2166666666666667e-06,6.7e-06,1.8932800000000003e-05,0.0,0.0014626666666666668,0.0,0.0,0.0,0.0,6.0933333333333335e-05,5.370866666666667e-05,3.7273333333333333e-06,0.0,0.0,1.7120266666666663e-05,0.0,0.0,0.0,0.0,0.006346666666666667,0.0,0.00044666666666666666,2.4406600000000004e-05,2.4326666666666666e-06,0.0,1.974133333333333e-05,2.6409333333333335e-05,0.0,0.00016866666666666668,0.0008986666666666668,0.001668866666666667,0.01606,0.004273733333333333,0.0,0.00010985,3.38854e-05,2.8567533333333337e-05,2.3347999999999997e-05,2.678e-05,0.0,0.001983333333333333,0.0
ep_SFH_age_0_climate_5_1469,1469,10,0.63105,0.9564271,0.35,0.0078242,0.000732,0.00019827,0.00022283539999999998,0.0002468328,0.0002605,5.538e-05,5.0100000000000005e-05,0.0,0.0,0.0,0.03938,0.0,0.001042,0.00029865999999999996,8.914e-05,7.569400000000001e-05,4.3942999999999996e-05,4.66e-06,0.0005126999999999999,0.0005819999999999999,6.97e-05,0.0,0.0,0.0,0.0,0.000251949,3.6877000000000006e-05,2.7643000000000003e-05,2.1e-06,6.71e-06,0.000129,0.000737,0.0008160000000000001,0.0,0.0,0.0,0.0001443,0.0004739,2.97877e-05,5.0520000000000004e-05,0.0,7.419e-06,0.00039699999999999995,0.0011373000000000002,0.00018672,0.0,3.5799999999999996e-05,0.0,0.000199,3.0870000000000003e-06,6.75e-07,3.834e-05,5.9799999999999995e-06,1.656e-05,6.16e-05,0.0,0.00046499999999999997,0.0,0.01585,0.0,0.0,7.265200000000001e-05,3.2233e-06,6.109999999999999e-06,2.713e-05,2.7380999999999998e-05,0.000155,0.0,0.000288,0.00173349,0.030115999999999997,0.005376700000000001,0.0,0.000105528,2.1592e-05,2.6695e-05,2.9092000000000002e-05,5.277e-05,0.0,0.0,0.0
ep_SFH_age_0_climate_5_1710,1710,10,0.7922,0.9499158999999999,0.30685,0.012016,0.0013694,0.0008018000000000001,0.00031369000000000004,0.00029316,0.000213671,0.00018714599999999996,0.0017749999999999999,0.0005380000000000001,0.0029953999999999996,0.0,0.03582,0.0,9.21e-05,0.00045110999999999996,4.76009e-05,4.2998000000000004e-05,3.0541e-05,4.26e-06,0.0006173,0.0,0.000822,0.0,0.0,0.0,0.0,0.00036334000000000003,8.021799999999998e-05,4.8857e-05,2.991e-05,1.8434e-05,0.000699,0.0,0.000167,0.0,0.0,0.0,0.0,0.00028783399999999994,0.00010883500000000001,6.801000000000001e-05,2.7950000000000002e-05,2.102e-06,0.0,0.000321,0.0006839999999999999,0.0,0.0,0.0,0.0,3.523930000000001e-05,5.369999999999999e-06,3.78e-08,1.06e-07,2.2589e-05,0.0,0.0001977,0.0,0.0,0.0035432400000000005,0.0,0.000279,5.05e-06,3.742e-06,0.0,1.1433e-05,1.9269e-05,0.002419,0.000255,0.0,0.0007861999999999999,0.00723,0.002869,0.0,8.588899999999999e-05,2.3e-05,1.7977400000000002e-05,2.1041e-05,1.4848e-05,0.0,0.000608,0.0
ep_SFH_age_0_climate_5_1991,1991,16,0.15973749999999998,0.9792803750000001,0.2528625,0.00878,0.00011625,0.00074311875,0.000271240625,0.000295915,0.000290385625,0.00021587499999999998,0.00242,0.00018375,0.00125613125,0.0,0.0102,0.0,0.00076625,0.0003967,5.8275e-05,8.0144375e-05,9.3435625e-05,0.0,0.0,0.00028325,0.0,0.0,0.0,0.0,0.000765625,0.00022025000000000001,3.5986875000000004e-05,4.2138125000000004e-05,2.223375e-05,3.03125e-06,0.0,0.0001476875,0.0,0.0,0.0,0.0,0.00100625,8.803125e-05,2.5455e-05,3.3094999999999994e-05,4.411875e-05,0.0,0.00034875,0.0,0.0,0.0,0.0059625,0.0,0.00026625,1.0591875e-05,1.0325e-05,8.740625e-06,0.0,4.092875e-05,0.0,0.0,0.0,0.0,0.010721624999999999,0.0,0.0,6.152499999999999e-05,4.8292500000000006e-05,2.3809062500000003e-05,2.158125e-05,3.2629874999999996e-05,0.000330625,0.0,0.0,0.0016409375,0.021189375000000003,0.00524,0.0,0.00014828625,4.15844375e-05,2.97125e-05,2.434625e-05,3.652875e-05,0.0,0.000113125,0.00014875
ep_SFH_age_0_climate_5_2167,2167,10,0.6791,0.95491124,0.33144999999999997,0.0084656,0.0001619,0.0006941,0.0002640651,0.0003020973,0.00030566999999999997,2.7674000000000003e-05,0.000339,0.000326,0.001311,1.75e-05,0.041389999999999996,0.0,0.000272,0.0003063,3.4758e-05,5.71183e-05,7.669400000000001e-05,1.294e-06,1.56e-05,0.00192357,0.00041799999999999997,0.0,0.0,0.0,0.00026100000000000006,0.00019518999999999998,4.17e-05,3.26057e-05,1.43396e-05,3.902e-05,0.001546,0.00134,0.0003274,0.0,0.0,0.0,0.0,0.00014036000000000002,5.113899999999999e-05,2.5293e-05,1.28e-07,1.8894000000000002e-05,0.0,0.00048399999999999995,0.0,0.0,0.00113,0.000872,0.0,4.7832e-05,1.4303999999999999e-05,1.6e-05,4.52e-09,2.4683e-05,0.0007353,0.0,0.000801,0.0,0.022170000000000002,0.000721,0.000404,0.00012049999999999999,3.7340000000000005e-05,1.565e-05,1.015e-05,1.2049000000000001e-05,3.33e-05,0.0,0.0,0.0016487,0.031061,0.0035449999999999995,0.0,0.00011001099999999999,4.295e-05,3.2229000000000006e-05,1.8568999999999998e-05,2.3704999999999998e-05,0.0,0.0,0.0008184
ep_SFH_age_0_climate_5_3951,3951,12,0.1534225,0.9818600833333333,0.26176666666666665,0.00595775,0.0019950000000000002,0.0009452925,0.00034841083333333333,0.0003073400833333333,0.00015669525,0.00018200249999999996,0.0014891666666666666,0.002787666666666667,0.00019333333333333333,0.0,0.019358333333333335,0.0,0.002213333333333333,0.00060098,0.00010013583333333333,9.065500000000002e-05,8.2125e-06,1.3730983333333336e-05,0.0012216666666666667,0.0005708333333333333,0.0009108333333333334,0.0,0.0,0.0,0.00011333333333333334,0.00031403999999999997,3.4553750000000004e-05,1.0264166666666667e-05,7.063608333333334e-05,3.2333333333333334e-07,0.00087725,0.0,0.0,0.0,0.0,0.0,0.0005383333333333333,0.00029216083333333335,7.601000000000001e-05,1.9723666666666665e-05,1.900725e-05,1.4450833333333334e-05,8.254166666666668e-05,0.0,0.0009913333333333334,5.6166666666666665e-05,0.0030083333333333333,0.00037833333333333333,0.0002458333333333333,3.904110833333333e-05,8.436666666666668e-06,1.7472500000000003e-05,6.849999999999999e-07,4.420333333333334e-05,0.0,0.0,0.0,0.0,0.013775,0.0,0.0015341666666666665,5.639258333333334e-05,4.346666666666667e-05,2.6708333333333333e-05,1.667e-05,3.6351666666666666e-05,0.0005816666666666666,0.0,0.00014583333333333332,0.0018572500000000002,0.012106666666666667,0.0027939166666666668,0.0,0.0001828975,5.4822500000000006e-05,3.3095e-05,1.163125e-05,1.4623333333333331e-05,0.0,0.0010133333333333333,0.0
ep_SFH_age_1_climate_0_610,610,25,0.6047359999999999,0.95908572,0.272288,0.0012150800000000001,0.0002616,0.0008313200000000001,0.000251928,0.0002771304,0.000310588,0.00024885280000000004,0.0,0.0,0.0,4.72e-06,0.049761999999999994,0.0,0.0016006,0.00063556724,0.00010695079999999999,0.0001198052,0.0001308276,5.24e-07,4.2e-05,0.0,0.0,0.0,0.0039668,0.0,0.00035444,0.00046910399999999997,0.00014289076,0.000142528,0.000125596,5.64e-06,0.00015668000000000002,0.0,0.0004552,0.0,5.7600000000000004e-05,0.0,0.00090448,0.00045863959999999993,5.1115199999999995e-05,8.218728e-05,7.50404e-05,6.756836e-06,0.0,2.98e-05,0.0,0.0,0.0017723999999999997,0.00020879999999999998,0.0007416,2.63e-06,7.48076e-05,7.728800000000001e-05,1.2332e-05,2.297444e-05,0.0,1.9e-06,0.0,0.0,0.009250000000000001,0.0,0.00026440000000000003,0.0001220268,2.8604e-05,2.40048e-05,3.5214e-05,4.0566400000000005e-05,0.0,0.0,0.0001136,0.001122068,0.00835948,0.005510781600000001,0.0,8.78224e-05,5.6037439999999996e-05,4.575904e-05,2.647e-05,1.8077320000000002e-05,9.08e-05,0.0,9.76e-05
ep_SFH_age_1_climate_0_928,928,15,0.6730666666666667,0.9548632,0.32191333333333333,0.0015426666666666668,0.0,0.00053268,0.00019876933333333333,0.00020707333333333335,0.00020790733333333333,0.00017884,0.0,0.0002261,0.0005006666666666667,2.9666666666666665e-05,0.07357333333333332,1.8866666666666667e-05,0.0,0.00038370000000000006,0.00011184106666666667,0.00010719343,8.205480000000001e-05,0.0,0.0,0.0002673333333333333,0.0,0.0,0.0009133333333333334,0.0,0.0,0.00025259533333333336,7.324466666666667e-05,6.662666666666668e-05,4.532e-05,2.2066666666666666e-08,3.993333333333333e-05,0.00020866666666666665,1.0666666666666667e-06,0.0,0.0,0.0,0.0,0.00029574,0.00010893333333333333,0.00010751866666666665,7.428133333333335e-05,0.0,9.333333333333333e-05,0.000302,0.0,0.0,0.0,0.00033726666666666666,0.0,2.2020266666666666e-05,1.4809333333333334e-05,1.9073333333333336e-05,0.0,2.659733333333333e-06,0.0,0.0,0.0,0.0,0.0025306666666666667,0.00024533333333333335,0.0,8.617733333333333e-05,4.1344e-05,2.5835333333333333e-06,4.7760666666666665e-06,1.1605333333333334e-05,0.0,0.0,0.0,0.0011946866666666667,0.011841106666666667,0.005622066666666666,0.0,6.020066666666667e-05,3.3322000000000004e-05,3.0371333333333332e-05,5.932e-06,1.7793333333333333e-06,0.0,0.000368,4.3066666666666665e-05
ep_SFH_age_1_climate_0_971,971,15,0.6428666666666667,0.95701566,0.2629733333333333,0.0008420000000000001,0.0,0.0009256000000000002,0.0003243982,0.0003327866666666667,0.00035403333333333334,0.00032378666666666665,0.00029866666666666664,3.873333333333334e-05,0.0008373666666666666,3.52e-06,0.05879333333333334,0.0,0.0,0.0007279799999999999,0.00013269340000000003,0.00013618000000000001,0.00011545466666666665,0.0,0.0,0.00014466666666666667,6.486666666666667e-05,0.0,0.0011333333333333334,0.0,0.000206,0.0005145,8.311466666666667e-05,7.8494e-05,6.474666666666667e-05,0.0,0.0,1.54e-05,0.00025266666666666666,0.0,0.00013333333333333334,0.0,0.0,0.00035159866666666664,9.514666666666667e-05,0.00012064393333333334,9.779000000000001e-05,0.0,0.0,0.0,0.0,0.0,0.0017800000000000001,0.0,0.0,4.3066666666666666e-07,8.255333333333334e-06,2.6108666666666666e-05,0.0,1.2875333333333332e-05,0.0,0.0,0.0,0.0,0.00403726,0.00033600000000000004,0.0,0.00013231053333333332,4.4386666666666666e-05,1.6566666666666668e-06,3.1526666666666664e-05,3.092026666666667e-05,0.0,0.0,0.0,0.0011955333333333333,0.009476133333333333,0.005978399999999999,0.0,0.00013661333333333335,5.909600000000001e-05,4.071933333333334e-05,2.1666666666666667e-05,1.7543333333333332e-05,0.0,0.0,0.000498
ep_SFH_age_1_climate_0_1102,1102,10,0.8450000000000001,0.9453400300000002,0.2868,0.0014449999999999997,0.000464,0.0011538,0.00032573000000000004,0.00029248,0.00030445,0.00023932000000000003,0.0,0.000961,0.000283,0.0009760000000000001,0.03937,0.0,0.000839,0.0009580890000000002,0.00017088000000000002,0.00015005,0.00013942000000000002,0.0,0.0,0.000202,0.00058,0.0,0.0,0.0,0.00032669999999999997,0.00046315999999999995,7.078e-05,8.339e-05,8.575e-05,0.0,0.0,9.97e-06,0.000175,0.0,0.0,0.0,0.000671,0.00035292,7.956e-05,0.000108807,8.684e-05,0.0,0.0,0.0,0.000346,0.0,0.000356,0.0,0.0,4.4e-06,2.315e-06,2.8508000000000006e-05,2.56e-06,9.305e-06,0.0,0.0009639999999999999,0.0,0.0,0.0211814,0.0,0.0,0.00013614,5.05069e-05,5.075e-06,3.338e-05,3.2080000000000005e-05,0.0,0.0,0.0,0.000265053,0.0231,0.00727,0.0,0.00014987,7.207e-05,5.0694e-05,2.373e-05,2.7799999999999998e-05,0.0,0.0,0.0
ep_SFH_age_1_climate_0_1406,1406,16,0.6111875,0.955686375,0.24048125000000004,0.0033029375,0.00019625,0.0011175625,0.00040842499999999997,0.00032049125000000004,0.0002596775,0.00016536250000000001,0.00051875,3.6125e-05,0.002085,0.000458125,0.006105,0.0,0.0006506249999999999,0.000937125,0.00013709374999999998,7.71e-05,7.3495e-05,1.31875e-06,0.000255,0.0,0.000114375,0.0,0.0,0.0,0.0003275,0.00046515,0.00011166875000000001,5.587812500000001e-05,4.090875000000001e-05,1.969375e-05,0.00038937499999999996,0.0,0.0,0.0,0.0,0.0,0.00054325,0.00043094375,9.188124999999999e-05,4.6900625e-05,5.263125e-05,1.25e-05,0.0,0.0,0.0007951875,0.0,0.011193749999999999,0.0,0.0,6.70875e-05,6.740625e-05,5.359375e-05,4.0375e-06,3.5405375e-05,0.0,0.0,0.001090625,0.0,0.02148125,0.000774375,0.0,8.014374999999999e-05,0.000135465625,2.6031587500000002e-05,2.4635625e-05,4.1204312500000005e-05,0.00043875,0.0,2.0625e-05,0.000704375,0.023629999999999998,0.008409375,0.00034875,0.000175406875,8.3325625e-05,4.36325e-05,1.5751875e-05,1.08578125e-05,0.000215625,0.00049875,0.0
ep_SFH_age_1_climate_0_1418,1418,18,0.25715,0.9705408222222223,0.30351666666666666,0.001365,0.0025929444444444446,0.0007060805555555555,0.00023453611111111112,0.00021673466666666667,0.00024351694444444446,0.00024459444444444446,0.0,0.0,0.0,0.0005585055555555555,0.004933333333333334,0.0,0.00037833333333333333,0.0005461866666666667,0.00011330844444444444,0.0001469111111111111,0.00015052777777777777,2.4e-06,0.0,5.2e-05,0.0,0.0,0.013555555555555557,0.0006375555555555556,0.0009111111111111112,0.00041351555555555554,9.797444444444444e-05,0.00014327144444444443,0.0001111983888888889,1.0444444444444443e-05,0.0,0.0,0.00010944444444444444,0.0,0.0,9.272222222222223e-05,0.0012216666666666667,0.00015552311111111114,6.106666666666667e-05,8.237222222222221e-05,0.00010889277777777777,0.0,0.0,0.0,0.0,0.0,0.012651666666666667,0.0022055555555555557,0.0,1.1284444444444444e-05,9.677777777777778e-06,3.481111111111111e-05,0.0,2.0341666666666665e-05,0.0,0.00017166666666666665,0.0,0.0,0.029521500000000003,0.0,0.00011505555555555555,9.262222222222223e-05,4.075055555555556e-05,1.1069444444444443e-05,2.481111111111111e-05,3.882777777777778e-05,6.483333333333334e-05,0.0,0.00015088888888888888,0.002052,0.03498833333333334,0.010530483333333333,0.0002688888888888889,9.705888888888889e-05,7.603333333333333e-05,5.645555555555556e-05,1.603333333333333e-05,1.364611111111111e-05,0.0005233333333333334,0.0,0.0009099999999999999
ep_SFH_age_1_climate_0_1459,1459,15,0.6232666666666667,0.9561042599999999,0.33607333333333334,0.002926,0.000904,0.0008791333333333332,0.00028168000000000003,0.00022988666666666667,0.0002405733333333333,0.00023061873333333338,0.0,0.0,0.00016213333333333334,0.0,0.07939333333333334,0.000484,0.0011613333333333332,0.0004062400000000001,0.00011066,0.00010390826666666666,0.000102584,0.0,0.0,0.0,1.2133333333333333e-06,0.0,0.0,0.0003333333333333333,0.0,0.0005011266666666667,0.00011966866666666668,0.00010604706666666668,9.691333333333333e-05,0.0,0.0,0.0,2.0666666666666666e-05,0.0,0.0,0.0,0.0,0.00027100400000000004,4.57e-05,8.115333333333335e-05,8.244e-05,0.0,0.0,1.5e-07,0.0,2.3933333333333333e-05,0.0,0.0010873333333333334,0.0,1.1373333333333333e-06,4.162666666666667e-06,1.4859333333333334e-05,1.26e-07,1.798613333333333e-05,0.0,0.0,0.0,4.4733333333333334e-05,0.009327333333333333,0.00096,0.0,9.8045e-05,5.0180000000000004e-05,6.998666666666667e-06,1.6300000000000003e-05,2.6996666666666672e-05,0.0,0.0,0.00011266666666666668,0.0018708000000000002,0.018990666666666666,0.0057338,7.733333333333333e-05,0.0001279,4.471466666666667e-05,2.8540999999999997e-05,1.2214e-05,4.828666666666667e-06,0.0,1.2933333333333334e-05,8.733333333333333e-05
ep_SFH_age_1_climate_2_1914,1914,10,0.7347,0.9512355600000001,0.28522,0.004019,0.000782,0.0010904679999999998,0.000349928,0.0002715,0.0002823,0.000200337,0.0,0.001565,0.001966,0.000976,0.04245,0.0,9.33e-05,0.0008789399999999999,0.00014267499999999998,0.000105997,9.996060000000001e-05,0.0,0.000132,0.0004930000000000001,0.0033089,0.0,0.0,0.0,1.896e-05,0.0004776,0.00012724022,0.00011122799999999997,9.708989999999997e-05,0.0,0.0,0.0006121000000000001,0.0008880000000000001,0.0,0.0,0.0,0.0002555,0.0002886,2.628e-05,4.218e-05,6.386900000000001e-05,0.0,0.0,0.0,0.0,0.0,0.0,0.0,0.0,3.7668999999999995e-05,2.3090000000000003e-06,6.4e-06,0.0,1.7310000000000002e-06,0.0,0.0010496,0.0,0.0,0.013132099999999999,0.0,0.0,5.224e-05,1.9781e-05,1.6989999999999997e-06,1.2751e-05,1.3452000000000003e-05,0.0,0.0,0.0,0.00044229999999999996,0.021481,0.006164,0.0,3.6099999999999997e-05,5.1385e-05,4.3581e-05,3.56551e-05,3.805e-05,0.0,0.000136,0.0
ep_SFH_age_1_climate_2_2059,2059,10,0.6742999999999999,0.9576727,0.24745000000000003,0.003104,0.000882,0.00034064,0.00022987,0.0001708,0.000139186,1.127e-05,0.0,0.0,0.0,7.730000000000001e-05,0.048670000000000005,0.0,0.000109,0.0005353000000000001,0.00015418000000000002,0.00010808000000000001,0.000102696,1.1900000000000001e-05,0.0,0.0,0.000532,0.0,0.0,0.0,0.00024199999999999997,0.0005253,0.00015869,0.00010482,9.38e-05,0.0,0.0,0.0,0.0,0.0,0.0,0.0,7.42e-05,0.00033041000000000006,3.325e-05,5.1556000000000006e-05,3.272e-05,0.0,0.00022,0.0,0.0,0.0,0.0,0.0,0.0,0.0,2.321e-06,7.803000000000001e-05,0.0,5.745e-06,0.0,0.0,0.0,3.43e-05,0.00287,0.0,0.0,6.43607e-05,1.273e-05,4.1e-07,1.497e-05,1.3073999999999999e-05,0.0,0.0,0.0,0.0004841,0.008494000000000002,0.00413937,0.0,0.00011564000000000001,4.9319999999999995e-05,3.6068999999999996e-05,2.3049999999999998e-05,1.714e-05,0.0,0.0,0.0
ep_SFH_age_1_climate_2_2284,2284,15,0.5748,0.9630819066666667,0.2513533333333334,0.0035079907333333328,0.0001978,0.0001914,0.00021716733333333336,0.0002703,0.000253294,0.00012428666666666665,6.426666666666667e-05,0.000112,0.00024266666666666667,5.6999999999999996e-05,0.05100666666666667,0.0,0.0,0.00010282666666666666,9.459199999999999e-05,7.346e-05,4.728866666666667e-05,7.933333333333333e-07,0.0,0.0,0.0,0.0,0.0,0.0,0.0,8.516666666666667e-05,9.277533333333334e-05,9.431199999999999e-05,7.060199999999999e-05,1.6248066666666668e-05,0.0,0.000388,0.0003193333333333333,0.0,0.0,0.0,0.0001198,9.028466666666666e-05,0.0001430466666666667,0.0001030812,4.0593333333333337e-05,0.0,0.0,0.0,0.00026713333333333334,0.0,0.0,0.0,3.26e-05,0.00045361333333333333,6.226540000000002e-05,3.9252e-05,0.0,1.4407333333333335e-05,0.0,0.00014800000000000002,0.0,0.0,0.003969333333333333,0.0,0.0,4.8320000000000005e-05,4.8129333333333334e-05,1.3746666666666665e-06,1.0140000000000001e-05,2.0886666666666664e-05,0.0,0.0,0.0,0.0004352666666666667,0.008257333333333334,0.0037900000000000004,0.0,8.713933333333333e-05,7.286073333333335e-05,3.950333333333334e-05,1.888533333333333e-05,2.386666666666667e-05,0.0,0.0,6.933333333333333e-05
ep_SFH_age_1_climate_2_2371,2371,15,0.5026,0.9653573733333334,0.25295333333333336,0.003693333333333333,0.0,0.00016536,0.00013106666666666666,0.00026324393333333334,0.00019316666666666665,2.6560000000000003e-05,9.773333333333334e-05,0.0008397333333333333,0.0,3.573333333333333e-05,0.06524,0.0,0.0,0.0001274,6.721266666666666e-05,9.497933333333335e-05,6.142533333333334e-05,7.3800000000000005e-06,0.0,0.0,0.0,0.0,0.0,0.0,0.0,8.174666666666667e-05,4.933653333333333e-05,1.944546666666667e-05,1.8573333333333334e-06,2.44e-07,0.000202,0.0,0.0,0.0,0.0,0.0,0.0,0.00010195999999999998,0.00022550666666666663,0.00017405643333333332,3.986666666666667e-06,7.027333333333334e-06,0.00010866666666666666,0.0,0.0,0.0,0.0,0.0,0.0,0.0002200066666666667,5.081333333333333e-05,4.841933333333333e-05,4.986666666666667e-07,1.6711333333333334e-05,0.0,0.0,0.0,0.0,0.0021959999999999996,0.0,0.0010247333333333335,7.816666666666666e-05,2.1778e-05,2.5399999999999997e-07,1.956e-06,2.68398e-05,0.00019866666666666668,0.0,0.0,0.0010508466666666668,0.006078666666666666,0.004389333333333333,0.0,8.651333333333334e-05,4.723599999999999e-05,2.5799999999999997e-05,1.6882666666666667e-05,1.8875999999999997e-05,0.0,0.0,0.00011866666666666666
ep_SFH_age_1_climate_2_2398,2398,15,0.5657333333333334,0.9607615633333334,0.25520000000000004,0.004745999999999999,0.0,0.00020827333333333335,0.00018327333333333334,0.00012196,6.9982e-05,0.00014076000000000003,0.00030373333333333336,8.333333333333333e-05,0.000212,2.1333333333333335e-05,0.08594666666666666,0.0,0.000308,0.00013191333333333332,0.000161166,0.00011194426666666668,6.671333333333333e-05,2.7666666666666667e-06,0.0,5.133333333333333e-05,9.066666666666667e-05,0.0,0.0048393333333333335,0.0,9.866666666666666e-05,0.00015904866666666665,0.00019696666666666664,0.00010673333333333334,5.1925333333333336e-05,3.94e-07,0.0,0.000246,3.213333333333333e-05,0.0,0.0,0.0,7.999999999999999e-05,0.0003740533333333333,0.000166966,8.371533333333333e-05,0.000150246,4.0399999999999996e-07,0.0,0.0,0.0,0.0,0.0014333333333333331,0.0,0.0,5.2333333333333336e-05,1.0914666666666666e-05,0.0,7.002000000000001e-05,1.637e-05,0.0,0.0,0.0001,0.0,0.003842,0.0,5.9266666666666666e-05,2.2966666666666665e-05,3.1579999999999997e-06,8.058e-06,3.17e-05,3.3062666666666664e-05,0.0,0.0,0.0,0.0013088,0.008178666666666666,0.005750000000000001,0.00112,4.025333333333334e-06,4.5872000000000004e-05,3.850266666666667e-05,2.203326666666666e-05,1.622866666666667e-05,0.0,0.0,0.0
ep_SFH_age_1_climate_2_2719,2719,18,0.5075166666666668,0.9622265366666668,0.27700555555555556,0.002677461111111111,0.0011916111111111112,0.0006856055555555556,0.00021499055555555558,0.0002315388888888889,0.00025301111111111107,0.00019576666666666666,0.0004472222222222222,0.0,0.000275,0.00026849999999999997,0.024149999999999998,0.0,0.0021830555555555557,0.0005576383333333333,0.00013025555555555557,0.00012719444444444443,0.00013519444444444443,0.0,0.0,0.0,8.61111111111111e-05,0.0,6.444444444444444e-05,0.0,3.4222222222222224e-05,0.00027206111111111107,0.00010546666666666668,7.785777777777778e-05,8.677277777777777e-05,0.0,0.0,0.0,0.0013929444444444443,0.0,0.001511111111111111,0.0,0.000896111111111111,0.00016934277777777776,5.869688888888889e-05,9.387611111111111e-05,9.260222222222222e-05,0.0,4.888888888888889e-05,0.0,2.3444444444444444e-05,0.0,0.015055555555555556,0.0,0.0,6.688888888888889e-07,7.37111111111111e-06,1.0702777777777777e-05,3.05e-06,6.8222222222222225e-06,0.0,0.0,0.0,0.0,0.026066666666666665,0.0,0.0,3.222222222222222e-05,3.4208333333333336e-05,3.947777777777778e-06,3.217081666666667e-05,2.6351111111111108e-05,0.0,0.0,0.00017833333333333335,0.0007137777777777779,0.02913333333333333,0.008251,0.0,0.0001379211111111111,5.4245444444444436e-05,4.5494444444444445e-05,2.4755e-05,3.922555555555556e-05,0.0,0.0,0.0
ep_SFH_age_1_climate_2_3025,3025,10,0.6033999999999999,0.95937616,0.26893,0.003921,0.000133,0.0008910000000000001,0.0003011,0.00028984,0.00028807999999999997,6.414e-05,0.0,0.0,0.00041200000000000004,0.000504461,0.04897,0.0,0.0,0.0007302700000000001,9.556e-05,8.0691e-05,7.353e-05,0.0,9.35e-05,0.0,0.000286,0.0,0.0,0.0,0.0,0.0005594,0.00011842000000000001,0.00013036,7.8818e-05,2.0327000000000004e-05,0.001073,0.0,0.0,0.0,0.0,0.0,0.0,0.00019463,4.999000000000001e-05,5.961e-05,2.12335e-05,3.8037e-06,6.51e-05,0.0,0.0,0.0,0.00152,0.0,0.0,4.88e-06,4.001e-06,2.2226e-05,4.01e-08,1.5317e-05,0.0,0.0,0.0008318,4.82e-06,0.009367,0.0,0.0,6.319e-05,4.4370000000000004e-05,6.58e-07,9.84e-06,1.7670000000000002e-05,0.0,0.0,0.0,0.001018,0.014728000000000002,0.0063595,0.0,0.00012798999999999997,6.399500000000001e-05,4.3052e-05,2.6860099999999997e-05,2.2235e-05,0.0,0.0,0.0
